Workbook
Name Angebotsnummer: Übersicht!$B$5
Name Anlage: Übersicht!$B$4
Name Auslöse: VK!$F$34
Name Bearbeiter: Übersicht!$E$5
Name Datum: Übersicht!$D$5
Name Doku: VK!$F$11
Name EKo: VK!$F$13
Name El: VK!$F$21
Name Flüge: VK!$G$37
Name Gesamtpreis: Übersicht!$Q$40
Name Gewinn: VK!$O$32
Name Hotel: VK!$F$35
Name Inb: VK!$F$15
Name KM_Pauschale: VK!$F$36
Name Kunde: Übersicht!$B$3
Name MGKZ: VK!$O$31
Name MKo: VK!$F$10
Name Mo: VK!$F$19
Name Pl: VK!$F$17
Name Projektnachlass: VK!$O$35
Name Revision: VK!$B$38
Name Sicherheit: VK!$J$36
Name SicherheitAngebot: VK!$P$33
Name Sw: VK!$F$14
Name TF: VK!$F$20
Name Verhandlungsspielraum: VK!$O$33
Name Zuschläge_IBN: VK!$F$31

Sheet Übersicht
B2: Preisübersicht | H2: Anlage detailliert | S2: Inbetriebnahme beim Kunden detailliert
B3: Dräxlmeier Satu Mare | E3: Hr. Eglseder | AV3: Projektnachlass:
B4: Automatic Production Line for Wire Processing | AV4: =Projektnachlass -> 0.11114475
B5: A07616000A | D5: 45825 | E5: Schötz/Radlbeck | G5: Arbeitszeiten im Haus | S5: Arbeitszeiten vor Ort | Z5: Reisezeiten | AG5: Auslösen, Hotel, Anfahrt, Flüge...
G6: =G8*G7 -> 0 | H6: =H8*H7 -> 244600 | I6: =I8*I7 -> 66976 | J6: =J8*J7 -> 107835 | K6: =K8*K7 -> 173985 | L6: =L8*L7 -> 84870 | M6: =M8*M7 -> 178924 | N6: =SUM(N12:N31) -> 216300 | O6: =SUM(O12,O29,O44,O61,O78,O95,O112,O129,O146,O163,O180,O197,O214,O231,O248,O265,O282,O299,O316,O333,O350,O367,O384,O401,O418,O435,O452,O469,O486,O503) -> 653510 | S6: =S8*S7 -> 4400 | T6: =T8*T7 -> 0 | U6: =U8*U7 -> 0 | V6: =V8*V7 -> 17850 | W6: =W8*W7 -> 11480 | X6: =X8*X7 -> 18040 | Z6: =Z8*Z7 -> 1760 | AA6: =AA8*AA7 -> 0 | AB6: =AB8*AB7 -> 0 | AC6: =AC8*AC7 -> 2520 | AD6: =AD8*AD7 -> 2624 | AE6: =AE8*AE7 -> 3936 | AG6: =AG8*AG7 -> 4212 | AH6: =AH8*AH7 -> 7000 | AI6: =AI8*AI7 -> 0 | AJ6: =SUM(AJ12:AJ31) -> 3500 | AK6: =SUM(AK12:AK31) -> 0 | AL6: =SUM(AL12:AL31) -> 3000 | AM6: =SUM(AM12:AM31) -> 0 | AN6: =SUM(AN12:AN31) -> 0 | AP6: =SUM(AP12:AP31) -> 15652.5
G7: =Pl*(1+Gewinn)*(1+SicherheitAngebot) -> 110 | H7: =MKo*(1+Gewinn)*(1+SicherheitAngebot) -> 100 | I7: =EKo*(1+Gewinn)*(1+SicherheitAngebot) -> 92 | J7: =Sw*(1+Gewinn)*(1+SicherheitAngebot) -> 105 | K7: =Inb*(1+Gewinn)*(1+SicherheitAngebot) -> 105 | L7: =El*(1+Gewinn)*(1+SicherheitAngebot) -> 82 | M7: =Mo*(1+Gewinn)*(1+SicherheitAngebot) -> 82 | N7: =TF*(1+Gewinn)*(1+SicherheitAngebot) -> 85 | O7: MGKZ | S7: =Pl*(1+Gewinn)*(1+SicherheitAngebot) -> 110 | T7: =MKo*(1+Gewinn)*(1+SicherheitAngebot) -> 100 | U7: =Inb*(1+Gewinn)*(1+SicherheitAngebot) -> 105 | V7: =Inb*(1+Gewinn)*(1+SicherheitAngebot) -> 105 | W7: =El*(1+Gewinn)*(1+SicherheitAngebot) -> 82 | X7: =Mo*(1+Gewinn)*(1+SicherheitAngebot) -> 82 | Z7: =Pl*(1+Gewinn)*(1+SicherheitAngebot) -> 110 | AA7: =MKo*(1+Gewinn)*(1+SicherheitAngebot) -> 100 | AB7: =Inb*(1+Gewinn)*(1+SicherheitAngebot) -> 105 | AC7: =Inb*(1+Gewinn)*(1+SicherheitAngebot) -> 105 | AD7: =El*(1+Gewinn)*(1+SicherheitAngebot) -> 82 | AE7: =Mo*(1+Gewinn)*(1+SicherheitAngebot) -> 82 | AG7: =Auslöse*(1+Gewinn)*(1+SicherheitAngebot) -> 52 | AH7: =Hotel*(1+Gewinn)*(1+SicherheitAngebot) -> 100 | AI7: =KM_Pauschale*(1+Gewinn)*(1+SicherheitAngebot) -> 0.6 | AJ7: Flüge | AK7: Taxi | AL7: Leihauto | AM7: Bus/Zug/F | AN7: Sonstiges | AP7: =Zuschläge_IBN -> 0.25
G8: =SUM(G12:G31) -> 0 | H8: =SUM(H12:H31) -> 2446 | I8: =SUM(I12:I31) -> 728 | J8: =SUM(J12:J31) -> 1027 | K8: =SUM(K12:K31) -> 1657 | L8: =SUM(L12:L31) -> 1035 | M8: =SUM(M12:M31) -> 2182 | N8: =N6/N7 -> 2544.7059 | O8: =MGKZ -> 0.1 | S8: =S33 -> 40 | T8: =T33 -> 0 | U8: =U33 -> 0 | V8: =V33 -> 170 | W8: =W33 -> 140 | X8: =X33 -> 220 | Z8: =Z33 -> 16 | AA8: =AA33 -> 0 | AB8: =AB33 -> 0 | AC8: =AC33 -> 24 | AD8: =AD33 -> 32 | AE8: =AE33 -> 48 | AG8: =SUM(AG12:AG31) -> 81 | AH8: =SUM(AH12:AH31) -> 70 | AI8: =SUM(AI12:AI31) -> 0
B10: Benennung | F10: Stück | G10: Pl | H10: MKo | I10: EKo | J10: Sw | K10: Inb | L10: El | M10: Mo | N10: TF | O10: KT | Q10: Summe | R10: + | S10: Pl | T10: MKo | U10: EKo | V10: Inb | W10: El | X10: Mo | Z10: Pl | AA10: MKo | AB10: EKo | AC10: Inb | AD10: El | AE10: Mo | AG10: Auslöse | AH10: Hotel | AI10: Anfahrt-km | AJ10: Flugkosten | AK10: Taxi | AL10: Leihauto | AM10: Bus/Zug... | AN10: Sonstiges | AP10: Zuschläge | AR10: IBN | AS10: = | AT10: Angebot | AV10: Summe % | AW10: + | AX10: IBN % | AY10: = | AZ10: Angebot %
B12: 1 | C12: Automatic Production Line | F12: 1 | G12: =F12*'1'!I$8 -> 0 | H12: =F12*'1'!J$8 -> 2126 | I12: =F12*'1'!K$8 -> 653 | J12: =F12*'1'!L$8 -> 922 | K12: =F12*'1'!M$8 -> 1522 | L12: =F12*'1'!N$8 -> 955 | M12: =F12*'1'!O$8 -> 1977 | N12: =F12*'1'!R$6 -> 207000 | O12: =F12*'1'!S$6 -> 653510 | Q12: ='1'!U$2 -> 1630230 | S12: =F12*'1'!W$8 -> 40 | T12: =F12*'1'!X$8 -> 0 | U12: =F12*'1'!Y$8 -> 0 | V12: =F12*'1'!Z$8 -> 170 | W12: =F12*'1'!AA$8 -> 140 | X12: =F12*'1'!AB$8 -> 220 | Z12: =F12*'1'!AD$8 -> 16 | AA12: =F12*'1'!AE$8 -> 0 | AB12: =F12*'1'!AF$8 -> 0 | AC12: =F12*'1'!AG$8 -> 24 | AD12: =F12*'1'!AH$8 -> 32 | AE12: =F12*'1'!AI$8 -> 48 | AG12: =F12*'1'!AK$8 -> 81 | AH12: =F12*'1'!AL$8 -> 70 | AI12: =F12*'1'!AM$8 -> 0 | AJ12: =F12*'1'!AN$6 -> 3500 | AK12: =F12*'1'!AO$6 -> 0 | AL12: =F12*'1'!AP$6 -> 3000 | AM12: =F12*'1'!AQ$6 -> 0 | AN12: =F12*'1'!AR$6 -> 0 | AP12: =F12*'1'!AT$6 -> 15652.5 | AR12: ='1'!AV$2 -> 95974.5 | AT12: =Q12+AR12 -> 1726204.5 | AV12: ='1'!AZ$2 -> 1449038.5 | AX12: ='1'!BB$2 -> 85307.439 | AZ12: =AV12+AX12 -> 1534345.9
B13: 2 | C13: Additional Training in Straubing | F13: 1 | G13: =F13*'2'!I$8 -> 0 | H13: =F13*'2'!J$8 -> 0 | I13: =F13*'2'!K$8 -> 0 | J13: =F13*'2'!L$8 -> 0 | K13: =F13*'2'!M$8 -> 0 | L13: =F13*'2'!N$8 -> 0 | M13: =F13*'2'!O$8 -> 0 | N13: =F13*'2'!R$6 -> 0 | O13: =F13*'2'!S$6 -> 0 | Q13: ='2'!U$2 -> 0 | S13: =F13*'2'!W$8 -> 0 | T13: =F13*'2'!X$8 -> 0 | U13: =F13*'2'!Y$8 -> 0 | V13: =F13*'2'!Z$8 -> 0 | W13: =F13*'2'!AA$8 -> 0 | X13: =F13*'2'!AB$8 -> 0 | Z13: =F13*'2'!AD$8 -> 0 | AA13: =F13*'2'!AE$8 -> 0 | AB13: =F13*'2'!AF$8 -> 0 | AC13: =F13*'2'!AG$8 -> 0 | AD13: =F13*'2'!AH$8 -> 0 | AE13: =F13*'2'!AI$8 -> 0 | AG13: =F13*'2'!AK$8 -> 0 | AH13: =F13*'2'!AL$8 -> 0 | AI13: =F13*'2'!AM$8 -> 0 | AJ13: =F13*'2'!AN$6 -> 0 | AK13: =F13*'2'!AO$6 -> 0 | AL13: =F13*'2'!AP$6 -> 0 | AM13: =F13*'2'!AQ$6 -> 0 | AN13: =F13*'2'!AR$6 -> 0 | AP13: =F13*'2'!AT$6 -> 0 | AR13: ='2'!AV$2 -> 0 | AT13: =Q13+AR13 -> 0 | AV13: ='2'!AZ$2 -> 0 | AX13: ='2'!BB$2 -> 0 | AZ13: =AV13+AX13 -> 0
B14: 3 | F14: 1 | G14: =F14*'3'!I$8 -> 0 | H14: =F14*'3'!J$8 -> 0 | I14: =F14*'3'!K$8 -> 0 | J14: =F14*'3'!L$8 -> 0 | K14: =F14*'3'!M$8 -> 0 | L14: =F14*'3'!N$8 -> 0 | M14: =F14*'3'!O$8 -> 0 | N14: =F14*'3'!R$6 -> 0 | O14: =F14*'3'!S$6 -> 0 | Q14: ='3'!U$2 -> 0 | S14: =F14*'3'!W$8 -> 0 | T14: =F14*'3'!X$8 -> 0 | U14: =F14*'3'!Y$8 -> 0 | V14: =F14*'3'!Z$8 -> 0 | W14: =F14*'3'!AA$8 -> 0 | X14: =F14*'3'!AB$8 -> 0 | Z14: =F14*'3'!AD$8 -> 0 | AA14: =F14*'3'!AE$8 -> 0 | AB14: =F14*'3'!AF$8 -> 0 | AC14: =F14*'3'!AG$8 -> 0 | AD14: =F14*'3'!AH$8 -> 0 | AE14: =F14*'3'!AI$8 -> 0 | AG14: =F14*'3'!AK$8 -> 0 | AH14: =F14*'3'!AL$8 -> 0 | AI14: =F14*'3'!AM$8 -> 0 | AJ14: =F14*'3'!AN$6 -> 0 | AK14: =F14*'3'!AO$6 -> 0 | AL14: =F14*'3'!AP$6 -> 0 | AM14: =F14*'3'!AQ$6 -> 0 | AN14: =F14*'3'!AR$6 -> 0 | AP14: =F14*'3'!AT$6 -> 0 | AR14: ='3'!AV$2 -> 0 | AT14: =Q14+AR14 -> 0 | AV14: ='3'!AZ$2 -> 0 | AX14: ='3'!BB$2 -> 0 | AZ14: =AV14+AX14 -> 0
B15: 4 | C15: Option 1: Insert Shrink Sleeve 1 | F15: 1 | G15: =F15*'4'!I$8 -> 0 | H15: =F15*'4'!J$8 -> 240 | I15: =F15*'4'!K$8 -> 50 | J15: =F15*'4'!L$8 -> 85 | K15: =F15*'4'!M$8 -> 95 | L15: =F15*'4'!N$8 -> 40 | M15: =F15*'4'!O$8 -> 125 | N15: =F15*'4'!R$6 -> 6800 | O15: =F15*'4'!S$6 -> 10450 | Q15: ='4'!U$2 -> 78280 | S15: =F15*'4'!W$8 -> 0 | T15: =F15*'4'!X$8 -> 0 | U15: =F15*'4'!Y$8 -> 0 | V15: =F15*'4'!Z$8 -> 0 | W15: =F15*'4'!AA$8 -> 0 | X15: =F15*'4'!AB$8 -> 0 | Z15: =F15*'4'!AD$8 -> 0 | AA15: =F15*'4'!AE$8 -> 0 | AB15: =F15*'4'!AF$8 -> 0 | AC15: =F15*'4'!AG$8 -> 0 | AD15: =F15*'4'!AH$8 -> 0 | AE15: =F15*'4'!AI$8 -> 0 | AG15: =F15*'4'!AK$8 -> 0 | AH15: =F15*'4'!AL$8 -> 0 | AI15: =F15*'4'!AM$8 -> 0 | AJ15: =F15*'4'!AN$6 -> 0 | AK15: =F15*'4'!AO$6 -> 0 | AL15: =F15*'4'!AP$6 -> 0 | AM15: =F15*'4'!AQ$6 -> 0 | AN15: =F15*'4'!AR$6 -> 0 | AP15: =F15*'4'!AT$6 -> 0 | AR15: ='4'!AV$2 -> 0 | AT15: =Q15+AR15 -> 78280 | AV15: ='4'!AZ$2 -> 69579.589 | AX15: ='4'!BB$2 -> 0 | AZ15: =AV15+AX15 -> 69579.589
B16: 5 | C16: Option 2: Electrical Testing | F16: 0 | G16: =F16*'5'!I$8 -> 0 | H16: =F16*'5'!J$8 -> 0 | I16: =F16*'5'!K$8 -> 0 | J16: =F16*'5'!L$8 -> 0 | K16: =F16*'5'!M$8 -> 0 | L16: =F16*'5'!N$8 -> 0 | M16: =F16*'5'!O$8 -> 0 | N16: =F16*'5'!R$6 -> 0 | O16: =F16*'5'!S$6 -> 0 | Q16: ='5'!U$2 -> 0 | S16: =F16*'5'!W$8 -> 0 | T16: =F16*'5'!X$8 -> 0 | U16: =F16*'5'!Y$8 -> 0 | V16: =F16*'5'!Z$8 -> 0 | W16: =F16*'5'!AA$8 -> 0 | X16: =F16*'5'!AB$8 -> 0 | Z16: =F16*'5'!AD$8 -> 0 | AA16: =F16*'5'!AE$8 -> 0 | AB16: =F16*'5'!AF$8 -> 0 | AC16: =F16*'5'!AG$8 -> 0 | AD16: =F16*'5'!AH$8 -> 0 | AE16: =F16*'5'!AI$8 -> 0 | AG16: =F16*'5'!AK$8 -> 0 | AH16: =F16*'5'!AL$8 -> 0 | AI16: =F16*'5'!AM$8 -> 0 | AJ16: =F16*'5'!AN$6 -> 0 | AK16: =F16*'5'!AO$6 -> 0 | AL16: =F16*'5'!AP$6 -> 0 | AM16: =F16*'5'!AQ$6 -> 0 | AN16: =F16*'5'!AR$6 -> 0 | AP16: =F16*'5'!AT$6 -> 0 | AR16: ='5'!AV$2 -> 0 | AT16: =Q16+AR16 -> 0 | AV16: ='5'!AZ$2 -> 0 | AX16: ='5'!BB$2 -> 0 | AZ16: =AV16+AX16 -> 0
B17: 6 | C17: Option 3: Labeling | F17: 1 | G17: =F17*'6'!I$8 -> 0 | H17: =F17*'6'!J$8 -> 80 | I17: =F17*'6'!K$8 -> 25 | J17: =F17*'6'!L$8 -> 20 | K17: =F17*'6'!M$8 -> 40 | L17: =F17*'6'!N$8 -> 40 | M17: =F17*'6'!O$8 -> 80 | N17: =F17*'6'!R$6 -> 2500 | O17: =F17*'6'!S$6 -> 26400 | Q17: ='6'!U$2 -> 55340 | S17: =F17*'6'!W$8 -> 0 | T17: =F17*'6'!X$8 -> 0 | U17: =F17*'6'!Y$8 -> 0 | V17: =F17*'6'!Z$8 -> 0 | W17: =F17*'6'!AA$8 -> 0 | X17: =F17*'6'!AB$8 -> 0 | Z17: =F17*'6'!AD$8 -> 0 | AA17: =F17*'6'!AE$8 -> 0 | AB17: =F17*'6'!AF$8 -> 0 | AC17: =F17*'6'!AG$8 -> 0 | AD17: =F17*'6'!AH$8 -> 0 | AE17: =F17*'6'!AI$8 -> 0 | AG17: =F17*'6'!AK$8 -> 0 | AH17: =F17*'6'!AL$8 -> 0 | AI17: =F17*'6'!AM$8 -> 0 | AJ17: =F17*'6'!AN$6 -> 0 | AK17: =F17*'6'!AO$6 -> 0 | AL17: =F17*'6'!AP$6 -> 0 | AM17: =F17*'6'!AQ$6 -> 0 | AN17: =F17*'6'!AR$6 -> 0 | AP17: =F17*'6'!AT$6 -> 0 | AR17: ='6'!AV$2 -> 0 | AT17: =Q17+AR17 -> 55340 | AV17: ='6'!AZ$2 -> 49189.25 | AX17: ='6'!BB$2 -> 0 | AZ17: =AV17+AX17 -> 49189.25
B18: 7 | C18: Modul 07 leer | F18: 1 | G18: =F18*'7'!I$8 -> 0 | H18: =F18*'7'!J$8 -> 0 | I18: =F18*'7'!K$8 -> 0 | J18: =F18*'7'!L$8 -> 0 | K18: =F18*'7'!M$8 -> 0 | L18: =F18*'7'!N$8 -> 0 | M18: =F18*'7'!O$8 -> 0 | N18: =F18*'7'!R$6 -> 0 | O18: =F18*'7'!S$6 -> 0 | Q18: ='7'!U$2 -> 0 | S18: =F18*'7'!W$8 -> 0 | T18: =F18*'7'!X$8 -> 0 | U18: =F18*'7'!Y$8 -> 0 | V18: =F18*'7'!Z$8 -> 0 | W18: =F18*'7'!AA$8 -> 0 | X18: =F18*'7'!AB$8 -> 0 | Z18: =F18*'7'!AD$8 -> 0 | AA18: =F18*'7'!AE$8 -> 0 | AB18: =F18*'7'!AF$8 -> 0 | AC18: =F18*'7'!AG$8 -> 0 | AD18: =F18*'7'!AH$8 -> 0 | AE18: =F18*'7'!AI$8 -> 0 | AG18: =F18*'7'!AK$8 -> 0 | AH18: =F18*'7'!AL$8 -> 0 | AI18: =F18*'7'!AM$8 -> 0 | AJ18: =F18*'7'!AN$6 -> 0 | AK18: =F18*'7'!AO$6 -> 0 | AL18: =F18*'7'!AP$6 -> 0 | AM18: =F18*'7'!AQ$6 -> 0 | AN18: =F18*'7'!AR$6 -> 0 | AP18: =F18*'7'!AT$6 -> 0 | AR18: ='7'!AV$2 -> 0 | AT18: =Q18+AR18 -> 0 | AV18: ='7'!AZ$2 -> 0 | AX18: ='7'!BB$2 -> 0 | AZ18: =AV18+AX18 -> 0
B19: 8 | C19: Modul 08 leer | F19: 1 | G19: =F19*'8'!I$8 -> 0 | H19: =F19*'8'!J$8 -> 0 | I19: =F19*'8'!K$8 -> 0 | J19: =F19*'8'!L$8 -> 0 | K19: =F19*'8'!M$8 -> 0 | L19: =F19*'8'!N$8 -> 0 | M19: =F19*'8'!O$8 -> 0 | N19: =F19*'8'!R$6 -> 0 | O19: =F19*'8'!S$6 -> 0 | Q19: ='8'!U$2 -> 0 | S19: =F19*'8'!W$8 -> 0 | T19: =F19*'8'!X$8 -> 0 | U19: =F19*'8'!Y$8 -> 0 | V19: =F19*'8'!Z$8 -> 0 | W19: =F19*'8'!AA$8 -> 0 | X19: =F19*'8'!AB$8 -> 0 | Z19: =F19*'8'!AD$8 -> 0 | AA19: =F19*'8'!AE$8 -> 0 | AB19: =F19*'8'!AF$8 -> 0 | AC19: =F19*'8'!AG$8 -> 0 | AD19: =F19*'8'!AH$8 -> 0 | AE19: =F19*'8'!AI$8 -> 0 | AG19: =F19*'8'!AK$8 -> 0 | AH19: =F19*'8'!AL$8 -> 0 | AI19: =F19*'8'!AM$8 -> 0 | AJ19: =F19*'8'!AN$6 -> 0 | AK19: =F19*'8'!AO$6 -> 0 | AL19: =F19*'8'!AP$6 -> 0 | AM19: =F19*'8'!AQ$6 -> 0 | AN19: =F19*'8'!AR$6 -> 0 | AP19: =F19*'8'!AT$6 -> 0 | AR19: ='8'!AV$2 -> 0 | AT19: =Q19+AR19 -> 0 | AV19: ='8'!AZ$2 -> 0 | AX19: ='8'!BB$2 -> 0 | AZ19: =AV19+AX19 -> 0
B20: 9 | C20: Modul 09 leer | F20: 1 | G20: =F20*'9'!I$8 -> 0 | H20: =F20*'9'!J$8 -> 0 | I20: =F20*'9'!K$8 -> 0 | J20: =F20*'9'!L$8 -> 0 | K20: =F20*'9'!M$8 -> 0 | L20: =F20*'9'!N$8 -> 0 | M20: =F20*'9'!O$8 -> 0 | N20: =F20*'9'!R$6 -> 0 | O20: =F20*'9'!S$6 -> 0 | Q20: ='9'!U$2 -> 0 | S20: =F20*'9'!W$8 -> 0 | T20: =F20*'9'!X$8 -> 0 | U20: =F20*'9'!Y$8 -> 0 | V20: =F20*'9'!Z$8 -> 0 | W20: =F20*'9'!AA$8 -> 0 | X20: =F20*'9'!AB$8 -> 0 | Z20: =F20*'9'!AD$8 -> 0 | AA20: =F20*'9'!AE$8 -> 0 | AB20: =F20*'9'!AF$8 -> 0 | AC20: =F20*'9'!AG$8 -> 0 | AD20: =F20*'9'!AH$8 -> 0 | AE20: =F20*'9'!AI$8 -> 0 | AG20: =F20*'9'!AK$8 -> 0 | AH20: =F20*'9'!AL$8 -> 0 | AI20: =F20*'9'!AM$8 -> 0 | AJ20: =F20*'9'!AN$6 -> 0 | AK20: =F20*'9'!AO$6 -> 0 | AL20: =F20*'9'!AP$6 -> 0 | AM20: =F20*'9'!AQ$6 -> 0 | AN20: =F20*'9'!AR$6 -> 0 | AP20: =F20*'9'!AT$6 -> 0 | AR20: ='9'!AV$2 -> 0 | AT20: =Q20+AR20 -> 0 | AV20: ='9'!AZ$2 -> 0 | AX20: ='9'!BB$2 -> 0 | AZ20: =AV20+AX20 -> 0
B21: 10 | C21: Changeover Part for 1 Type | F21: 0 | G21: =F21*'10'!I$8 -> 0 | H21: =F21*'10'!J$8 -> 0 | I21: =F21*'10'!K$8 -> 0 | J21: =F21*'10'!L$8 -> 0 | K21: =F21*'10'!M$8 -> 0 | L21: =F21*'10'!N$8 -> 0 | M21: =F21*'10'!O$8 -> 0 | N21: =F21*'10'!R$6 -> 0 | O21: =F21*'10'!S$6 -> 0 | Q21: ='10'!U$2 -> 0 | S21: =F21*'10'!W$8 -> 0 | T21: =F21*'10'!X$8 -> 0 | U21: =F21*'10'!Y$8 -> 0 | V21: =F21*'10'!Z$8 -> 0 | W21: =F21*'10'!AA$8 -> 0 | X21: =F21*'10'!AB$8 -> 0 | Z21: =F21*'10'!AD$8 -> 0 | AA21: =F21*'10'!AE$8 -> 0 | AB21: =F21*'10'!AF$8 -> 0 | AC21: =F21*'10'!AG$8 -> 0 | AD21: =F21*'10'!AH$8 -> 0 | AE21: =F21*'10'!AI$8 -> 0 | AG21: =F21*'10'!AK$8 -> 0 | AH21: =F21*'10'!AL$8 -> 0 | AI21: =F21*'10'!AM$8 -> 0 | AJ21: =F21*'10'!AN$6 -> 0 | AK21: =F21*'10'!AO$6 -> 0 | AL21: =F21*'10'!AP$6 -> 0 | AM21: =F21*'10'!AQ$6 -> 0 | AN21: =F21*'10'!AR$6 -> 0 | AP21: =F21*'10'!AT$6 -> 0 | AR21: ='10'!AV$2 -> 0 | AT21: =Q21+AR21 -> 0 | AV21: ='10'!AZ$2 -> 0 | AX21: ='10'!BB$2 -> 0 | AZ21: =AV21+AX21 -> 0
B22: 11 | C22: Modul 11 leer | F22: 1 | G22: =F22*'11'!I$8 -> 0 | H22: =F22*'11'!J$8 -> 0 | I22: =F22*'11'!K$8 -> 0 | J22: =F22*'11'!L$8 -> 0 | K22: =F22*'11'!M$8 -> 0 | L22: =F22*'11'!N$8 -> 0 | M22: =F22*'11'!O$8 -> 0 | N22: =F22*'11'!R$6 -> 0 | O22: =F22*'11'!S$6 -> 0 | Q22: ='11'!U$2 -> 0 | S22: =F22*'11'!W$8 -> 0 | T22: =F22*'11'!X$8 -> 0 | U22: =F22*'11'!Y$8 -> 0 | V22: =F22*'11'!Z$8 -> 0 | W22: =F22*'11'!AA$8 -> 0 | X22: =F22*'11'!AB$8 -> 0 | Z22: =F22*'11'!AD$8 -> 0 | AA22: =F22*'11'!AE$8 -> 0 | AB22: =F22*'11'!AF$8 -> 0 | AC22: =F22*'11'!AG$8 -> 0 | AD22: =F22*'11'!AH$8 -> 0 | AE22: =F22*'11'!AI$8 -> 0 | AG22: =F22*'11'!AK$8 -> 0 | AH22: =F22*'11'!AL$8 -> 0 | AI22: =F22*'11'!AM$8 -> 0 | AJ22: =F22*'11'!AN$6 -> 0 | AK22: =F22*'11'!AO$6 -> 0 | AL22: =F22*'11'!AP$6 -> 0 | AM22: =F22*'11'!AQ$6 -> 0 | AN22: =F22*'11'!AR$6 -> 0 | AP22: =F22*'11'!AT$6 -> 0 | AR22: ='11'!AV$2 -> 0 | AT22: =Q22+AR22 -> 0 | AV22: ='11'!AZ$2 -> 0 | AX22: ='11'!BB$2 -> 0 | AZ22: =AV22+AX22 -> 0
B23: 12 | C23: Modul 12 leer | F23: 1 | G23: =F23*'12'!I$8 -> 0 | H23: =F23*'12'!J$8 -> 0 | I23: =F23*'12'!K$8 -> 0 | J23: =F23*'12'!L$8 -> 0 | K23: =F23*'12'!M$8 -> 0 | L23: =F23*'12'!N$8 -> 0 | M23: =F23*'12'!O$8 -> 0 | N23: =F23*'12'!R$6 -> 0 | O23: =F23*'12'!S$6 -> 0 | Q23: ='12'!U$2 -> 0 | S23: =F23*'12'!W$8 -> 0 | T23: =F23*'12'!X$8 -> 0 | U23: =F23*'12'!Y$8 -> 0 | V23: =F23*'12'!Z$8 -> 0 | W23: =F23*'12'!AA$8 -> 0 | X23: =F23*'12'!AB$8 -> 0 | Z23: =F23*'12'!AD$8 -> 0 | AA23: =F23*'12'!AE$8 -> 0 | AB23: =F23*'12'!AF$8 -> 0 | AC23: =F23*'12'!AG$8 -> 0 | AD23: =F23*'12'!AH$8 -> 0 | AE23: =F23*'12'!AI$8 -> 0 | AG23: =F23*'12'!AK$8 -> 0 | AH23: =F23*'12'!AL$8 -> 0 | AI23: =F23*'12'!AM$8 -> 0 | AJ23: =F23*'12'!AN$6 -> 0 | AK23: =F23*'12'!AO$6 -> 0 | AL23: =F23*'12'!AP$6 -> 0 | AM23: =F23*'12'!AQ$6 -> 0 | AN23: =F23*'12'!AR$6 -> 0 | AP23: =F23*'12'!AT$6 -> 0 | AR23: ='12'!AV$2 -> 0 | AT23: =Q23+AR23 -> 0 | AV23: ='12'!AZ$2 -> 0 | AX23: ='12'!BB$2 -> 0 | AZ23: =AV23+AX23 -> 0
B24: 13 | C24: Modul 13 leer | F24: 1 | G24: =F24*'13'!I$8 -> 0 | H24: =F24*'13'!J$8 -> 0 | I24: =F24*'13'!K$8 -> 0 | J24: =F24*'13'!L$8 -> 0 | K24: =F24*'13'!M$8 -> 0 | L24: =F24*'13'!N$8 -> 0 | M24: =F24*'13'!O$8 -> 0 | N24: =F24*'13'!R$6 -> 0 | O24: =F24*'13'!S$6 -> 0 | Q24: ='13'!U$2 -> 0 | S24: =F24*'13'!W$8 -> 0 | T24: =F24*'13'!X$8 -> 0 | U24: =F24*'13'!Y$8 -> 0 | V24: =F24*'13'!Z$8 -> 0 | W24: =F24*'13'!AA$8 -> 0 | X24: =F24*'13'!AB$8 -> 0 | Z24: =F24*'13'!AD$8 -> 0 | AA24: =F24*'13'!AE$8 -> 0 | AB24: =F24*'13'!AF$8 -> 0 | AC24: =F24*'13'!AG$8 -> 0 | AD24: =F24*'13'!AH$8 -> 0 | AE24: =F24*'13'!AI$8 -> 0 | AG24: =F24*'13'!AK$8 -> 0 | AH24: =F24*'13'!AL$8 -> 0 | AI24: =F24*'13'!AM$8 -> 0 | AJ24: =F24*'13'!AN$6 -> 0 | AK24: =F24*'13'!AO$6 -> 0 | AL24: =F24*'13'!AP$6 -> 0 | AM24: =F24*'13'!AQ$6 -> 0 | AN24: =F24*'13'!AR$6 -> 0 | AP24: =F24*'13'!AT$6 -> 0 | AR24: ='13'!AV$2 -> 0 | AT24: =Q24+AR24 -> 0 | AV24: ='13'!AZ$2 -> 0 | AX24: ='13'!BB$2 -> 0 | AZ24: =AV24+AX24 -> 0
B25: 14 | C25: Modul 14 leer | F25: 1 | G25: =F25*'14'!I$8 -> 0 | H25: =F25*'14'!J$8 -> 0 | I25: =F25*'14'!K$8 -> 0 | J25: =F25*'14'!L$8 -> 0 | K25: =F25*'14'!M$8 -> 0 | L25: =F25*'14'!N$8 -> 0 | M25: =F25*'14'!O$8 -> 0 | N25: =F25*'14'!R$6 -> 0 | O25: =F25*'14'!S$6 -> 0 | Q25: ='14'!U$2 -> 0 | S25: =F25*'14'!W$8 -> 0 | T25: =F25*'14'!X$8 -> 0 | U25: =F25*'14'!Y$8 -> 0 | V25: =F25*'14'!Z$8 -> 0 | W25: =F25*'14'!AA$8 -> 0 | X25: =F25*'14'!AB$8 -> 0 | Z25: =F25*'14'!AD$8 -> 0 | AA25: =F25*'14'!AE$8 -> 0 | AB25: =F25*'14'!AF$8 -> 0 | AC25: =F25*'14'!AG$8 -> 0 | AD25: =F25*'14'!AH$8 -> 0 | AE25: =F25*'14'!AI$8 -> 0 | AG25: =F25*'14'!AK$8 -> 0 | AH25: =F25*'14'!AL$8 -> 0 | AI25: =F25*'14'!AM$8 -> 0 | AJ25: =F25*'14'!AN$6 -> 0 | AK25: =F25*'14'!AO$6 -> 0 | AL25: =F25*'14'!AP$6 -> 0 | AM25: =F25*'14'!AQ$6 -> 0 | AN25: =F25*'14'!AR$6 -> 0 | AP25: =F25*'14'!AT$6 -> 0 | AR25: ='14'!AV$2 -> 0 | AT25: =Q25+AR25 -> 0 | AV25: ='14'!AZ$2 -> 0 | AX25: ='14'!BB$2 -> 0 | AZ25: =AV25+AX25 -> 0
B26: 15 | C26: Modul 15 leer | F26: 1 | G26: =F26*'15'!I$8 -> 0 | H26: =F26*'15'!J$8 -> 0 | I26: =F26*'15'!K$8 -> 0 | J26: =F26*'15'!L$8 -> 0 | K26: =F26*'15'!M$8 -> 0 | L26: =F26*'15'!N$8 -> 0 | M26: =F26*'15'!O$8 -> 0 | N26: =F26*'15'!R$6 -> 0 | O26: =F26*'15'!S$6 -> 0 | Q26: ='15'!U$2 -> 0 | S26: =F26*'15'!W$8 -> 0 | T26: =F26*'15'!X$8 -> 0 | U26: =F26*'15'!Y$8 -> 0 | V26: =F26*'15'!Z$8 -> 0 | W26: =F26*'15'!AA$8 -> 0 | X26: =F26*'15'!AB$8 -> 0 | Z26: =F26*'15'!AD$8 -> 0 | AA26: =F26*'15'!AE$8 -> 0 | AB26: =F26*'15'!AF$8 -> 0 | AC26: =F26*'15'!AG$8 -> 0 | AD26: =F26*'15'!AH$8 -> 0 | AE26: =F26*'15'!AI$8 -> 0 | AG26: =F26*'15'!AK$8 -> 0 | AH26: =F26*'15'!AL$8 -> 0 | AI26: =F26*'15'!AM$8 -> 0 | AJ26: =F26*'15'!AN$6 -> 0 | AK26: =F26*'15'!AO$6 -> 0 | AL26: =F26*'15'!AP$6 -> 0 | AM26: =F26*'15'!AQ$6 -> 0 | AN26: =F26*'15'!AR$6 -> 0 | AP26: =F26*'15'!AT$6 -> 0 | AR26: ='15'!AV$2 -> 0 | AT26: =Q26+AR26 -> 0 | AV26: ='15'!AZ$2 -> 0 | AX26: ='15'!BB$2 -> 0 | AZ26: =AV26+AX26 -> 0
B27: 16 | C27: Modul 16 leer | F27: 1 | G27: =F27*'16'!I$8 -> 0 | H27: =F27*'16'!J$8 -> 0 | I27: =F27*'16'!K$8 -> 0 | J27: =F27*'16'!L$8 -> 0 | K27: =F27*'16'!M$8 -> 0 | L27: =F27*'16'!N$8 -> 0 | M27: =F27*'16'!O$8 -> 0 | N27: =F27*'16'!R$6 -> 0 | O27: =F27*'16'!S$6 -> 0 | Q27: ='16'!U$2 -> 0 | S27: =F27*'16'!W$8 -> 0 | T27: =F27*'16'!X$8 -> 0 | U27: =F27*'16'!Y$8 -> 0 | V27: =F27*'16'!Z$8 -> 0 | W27: =F27*'16'!AA$8 -> 0 | X27: =F27*'16'!AB$8 -> 0 | Z27: =F27*'16'!AD$8 -> 0 | AA27: =F27*'16'!AE$8 -> 0 | AB27: =F27*'16'!AF$8 -> 0 | AC27: =F27*'16'!AG$8 -> 0 | AD27: =F27*'16'!AH$8 -> 0 | AE27: =F27*'16'!AI$8 -> 0 | AG27: =F27*'16'!AK$8 -> 0 | AH27: =F27*'16'!AL$8 -> 0 | AI27: =F27*'16'!AM$8 -> 0 | AJ27: =F27*'16'!AN$6 -> 0 | AK27: =F27*'16'!AO$6 -> 0 | AL27: =F27*'16'!AP$6 -> 0 | AM27: =F27*'16'!AQ$6 -> 0 | AN27: =F27*'16'!AR$6 -> 0 | AP27: =F27*'16'!AT$6 -> 0 | AR27: ='16'!AV$2 -> 0 | AT27: =Q27+AR27 -> 0 | AV27: ='16'!AZ$2 -> 0 | AX27: ='16'!BB$2 -> 0 | AZ27: =AV27+AX27 -> 0
B28: 17 | C28: Modul 17 leer | F28: 1 | G28: =F28*'17'!I$8 -> 0 | H28: =F28*'17'!J$8 -> 0 | I28: =F28*'17'!K$8 -> 0 | J28: =F28*'17'!L$8 -> 0 | K28: =F28*'17'!M$8 -> 0 | L28: =F28*'17'!N$8 -> 0 | M28: =F28*'17'!O$8 -> 0 | N28: =F28*'17'!R$6 -> 0 | O28: =F28*'17'!S$6 -> 0 | Q28: ='17'!U$2 -> 0 | S28: =F28*'17'!W$8 -> 0 | T28: =F28*'17'!X$8 -> 0 | U28: =F28*'17'!Y$8 -> 0 | V28: =F28*'17'!Z$8 -> 0 | W28: =F28*'17'!AA$8 -> 0 | X28: =F28*'17'!AB$8 -> 0 | Z28: =F28*'17'!AD$8 -> 0 | AA28: =F28*'17'!AE$8 -> 0 | AB28: =F28*'17'!AF$8 -> 0 | AC28: =F28*'17'!AG$8 -> 0 | AD28: =F28*'17'!AH$8 -> 0 | AE28: =F28*'17'!AI$8 -> 0 | AG28: =F28*'17'!AK$8 -> 0 | AH28: =F28*'17'!AL$8 -> 0 | AI28: =F28*'17'!AM$8 -> 0 | AJ28: =F28*'17'!AN$6 -> 0 | AK28: =F28*'17'!AO$6 -> 0 | AL28: =F28*'17'!AP$6 -> 0 | AM28: =F28*'17'!AQ$6 -> 0 | AN28: =F28*'17'!AR$6 -> 0 | AP28: =F28*'17'!AT$6 -> 0 | AR28: ='17'!AV$2 -> 0 | AT28: =Q28+AR28 -> 0 | AV28: ='17'!AZ$2 -> 0 | AX28: ='17'!BB$2 -> 0 | AZ28: =AV28+AX28 -> 0
B29: 18 | C29: Modul 18 leer | F29: 1 | G29: =F29*'18'!I$8 -> 0 | H29: =F29*'18'!J$8 -> 0 | I29: =F29*'18'!K$8 -> 0 | J29: =F29*'18'!L$8 -> 0 | K29: =F29*'18'!M$8 -> 0 | L29: =F29*'18'!N$8 -> 0 | M29: =F29*'18'!O$8 -> 0 | N29: =F29*'18'!R$6 -> 0 | O29: =F29*'18'!S$6 -> 0 | Q29: ='18'!U$2 -> 0 | S29: =F29*'18'!W$8 -> 0 | T29: =F29*'18'!X$8 -> 0 | U29: =F29*'18'!Y$8 -> 0 | V29: =F29*'18'!Z$8 -> 0 | W29: =F29*'18'!AA$8 -> 0 | X29: =F29*'18'!AB$8 -> 0 | Z29: =F29*'18'!AD$8 -> 0 | AA29: =F29*'18'!AE$8 -> 0 | AB29: =F29*'18'!AF$8 -> 0 | AC29: =F29*'18'!AG$8 -> 0 | AD29: =F29*'18'!AH$8 -> 0 | AE29: =F29*'18'!AI$8 -> 0 | AG29: =F29*'18'!AK$8 -> 0 | AH29: =F29*'18'!AL$8 -> 0 | AI29: =F29*'18'!AM$8 -> 0 | AJ29: =F29*'18'!AN$6 -> 0 | AK29: =F29*'18'!AO$6 -> 0 | AL29: =F29*'18'!AP$6 -> 0 | AM29: =F29*'18'!AQ$6 -> 0 | AN29: =F29*'18'!AR$6 -> 0 | AP29: =F29*'18'!AT$6 -> 0 | AR29: ='18'!AV$2 -> 0 | AT29: =Q29+AR29 -> 0 | AV29: ='18'!AZ$2 -> 0 | AX29: ='18'!BB$2 -> 0 | AZ29: =AV29+AX29 -> 0
B30: 19 | C30: Modul 19 leer | F30: 1 | G30: =F30*'19'!I$8 -> 0 | H30: =F30*'19'!J$8 -> 0 | I30: =F30*'19'!K$8 -> 0 | J30: =F30*'19'!L$8 -> 0 | K30: =F30*'19'!M$8 -> 0 | L30: =F30*'19'!N$8 -> 0 | M30: =F30*'19'!O$8 -> 0 | N30: =F30*'19'!R$6 -> 0 | O30: =F30*'19'!S$6 -> 0 | Q30: ='19'!U$2 -> 0 | S30: =F30*'19'!W$8 -> 0 | T30: =F30*'19'!X$8 -> 0 | U30: =F30*'19'!Y$8 -> 0 | V30: =F30*'19'!Z$8 -> 0 | W30: =F30*'19'!AA$8 -> 0 | X30: =F30*'19'!AB$8 -> 0 | Z30: =F30*'19'!AD$8 -> 0 | AA30: =F30*'19'!AE$8 -> 0 | AB30: =F30*'19'!AF$8 -> 0 | AC30: =F30*'19'!AG$8 -> 0 | AD30: =F30*'19'!AH$8 -> 0 | AE30: =F30*'19'!AI$8 -> 0 | AG30: =F30*'19'!AK$8 -> 0 | AH30: =F30*'19'!AL$8 -> 0 | AI30: =F30*'19'!AM$8 -> 0 | AJ30: =F30*'19'!AN$6 -> 0 | AK30: =F30*'19'!AO$6 -> 0 | AL30: =F30*'19'!AP$6 -> 0 | AM30: =F30*'19'!AQ$6 -> 0 | AN30: =F30*'19'!AR$6 -> 0 | AP30: =F30*'19'!AT$6 -> 0 | AR30: ='19'!AV$2 -> 0 | AT30: =Q30+AR30 -> 0 | AV30: ='19'!AZ$2 -> 0 | AX30: ='19'!BB$2 -> 0 | AZ30: =AV30+AX30 -> 0
B31: 20 | C31: Modul 20 leer | F31: 1 | G31: =F31*'20'!I$8 -> 0 | H31: =F31*'20'!J$8 -> 0 | I31: =F31*'20'!K$8 -> 0 | J31: =F31*'20'!L$8 -> 0 | K31: =F31*'20'!M$8 -> 0 | L31: =F31*'20'!N$8 -> 0 | M31: =F31*'20'!O$8 -> 0 | N31: =F31*'20'!R$6 -> 0 | O31: =F31*'20'!S$6 -> 0 | Q31: ='20'!U$2 -> 0 | S31: =F31*'20'!W$8 -> 0 | T31: =F31*'20'!X$8 -> 0 | U31: =F31*'20'!Y$8 -> 0 | V31: =F31*'20'!Z$8 -> 0 | W31: =F31*'20'!AA$8 -> 0 | X31: =F31*'20'!AB$8 -> 0 | Z31: =F31*'20'!AD$8 -> 0 | AA31: =F31*'20'!AE$8 -> 0 | AB31: =F31*'20'!AF$8 -> 0 | AC31: =F31*'20'!AG$8 -> 0 | AD31: =F31*'20'!AH$8 -> 0 | AE31: =F31*'20'!AI$8 -> 0 | AG31: =F31*'20'!AK$8 -> 0 | AH31: =F31*'20'!AL$8 -> 0 | AI31: =F31*'20'!AM$8 -> 0 | AJ31: =F31*'20'!AN$6 -> 0 | AK31: =F31*'20'!AO$6 -> 0 | AL31: =F31*'20'!AP$6 -> 0 | AM31: =F31*'20'!AQ$6 -> 0 | AN31: =F31*'20'!AR$6 -> 0 | AP31: =F31*'20'!AT$6 -> 0 | AR31: ='20'!AV$2 -> 0 | AT31: =Q31+AR31 -> 0 | AV31: ='20'!AZ$2 -> 0 | AX31: ='20'!BB$2 -> 0 | AZ31: =AV31+AX31 -> 0
F33: Zwischensummen | G33: =SUM(G12:G31) -> 0 | H33: =SUM(H12:H31) -> 2446 | I33: =SUM(I12:I31) -> 728 | J33: =SUM(J12:J31) -> 1027 | K33: =SUM(K12:K31) -> 1657 | L33: =SUM(L12:L31) -> 1035 | M33: =SUM(M12:M31) -> 2182 | N33: =SUM(N12:N31) -> 216300 | O33: =SUM(O12:O31) -> 690360 | Q33: =SUM(Q12:Q31) -> 1763850 | R33: + | S33: =SUM(S12:S31) -> 40 | T33: =SUM(T12:T31) -> 0 | U33: =SUM(U12:U31) -> 0 | V33: =SUM(V12:V31) -> 170 | W33: =SUM(W12:W31) -> 140 | X33: =SUM(X12:X31) -> 220 | Z33: =SUM(Z12:Z31) -> 16 | AA33: =SUM(AA12:AA31) -> 0 | AB33: =SUM(AB12:AB31) -> 0 | AC33: =SUM(AC12:AC31) -> 24 | AD33: =SUM(AD12:AD31) -> 32 | AE33: =SUM(AE12:AE31) -> 48 | AG33: =SUM(AG12:AG31) -> 81 | AH33: =SUM(AH12:AH31) -> 70 | AI33: =SUM(AI12:AI31) -> 0 | AJ33: =AJ6 -> 3500 | AK33: =AK6 -> 0 | AL33: =AL6 -> 3000 | AM33: =AM6 -> 0 | AN33: =AN6 -> 0 | AP33: =AP6 -> 15652.5 | AR33: =SUM(AR12:AR31) -> 95974.5 | AS33: = | AT33: =SUM(AT12:AT31) -> 1859824.5 | AV33: =SUM(AV12:AV32) -> 1567807.3 | AW33: + | AX33: =SUM(AX12:AX31) -> 85307.439 | AY33: = | AZ33: =SUM(AZ12:AZ31) -> 1653114.8
B34: Allgemeine Projektkosten:
B35: Pl | C35: Projektmanagement/Projektleitung im Haus | F35: 1 | G35: =Allg!J9 -> 550 | H35: =Allg!L9 -> 100 | J35: =Allg!N9 -> 100 | AT35: =Allg!$R9 -> 81000 | AZ35: =Allg!$T9 -> 71997.276
B36: Dok | C36: Dokumentation | F36: 1 | G36: =Allg!K21 -> 0 | H36: =Allg!L21 -> 80 | I36: =Allg!M21 -> 50 | J36: =Allg!N21 -> 80 | N36: Auswärts | O36: =Allg!P21 -> 0 | AT36: =Allg!$R21 -> 21000 | AZ36: =Allg!$T21 -> 18665.96
B37: Vp | C37: Verpackung | F37: 1 | AT37: =Allg!$R33 -> 2000 | AZ37: =Allg!$T33 -> 1777.7105
B38: Vs | C38: Versand | F38: 1 | AT38: =Allg!$R45 -> 5000 | AZ38: =Allg!$T45 -> 4444.2763
E40: Gesamtsummen | AT40: =AT33+SUM(AT35:AT38) -> 1968824.5 | AZ40: =AZ33+SUM(AZ35:AZ38) -> 1750000
AR42: =1995000-109000-11000-23000-88000 -> 1764000

Sheet VK
C2: Vorkalkulation
B3: =Kunde -> Dräxlmeier Satu Mare | D3: =Übersicht!E3 -> Hr. Eglseder
B4: =Anlage -> Automatic Production Line for Wire Processing
B5: =Angebotsnummer -> A07616000A | C5: =Datum -> 45825 | D5: =Bearbeiter -> Schötz/Radlbeck
B7: Kostenstelle | F7: Stundensatz | I7: Vorgaben
F8: o.Gew. | G8: brutto | I8: Std. VK | K8: Summe
B9: Konstruktion Mechanik
B10: Konstruktion (+ IBN-Kunde) | C10: 10 | E10: auswärts: | F10: 100 | G10: =MKo*(1+Gewinn)*(1+Sicherheit) -> 88.885525 | I10: =Übersicht!$H$33+Übersicht!$H$35+Übersicht!$H$36+Übersicht!$T$33 -> 2626 | J10: =F10*I10 -> 262600 | K10: =J10 -> 262600 | L10: =IF(K$33<>0,J10/K$33,0) -> 0.13337908
B11: Dokumentation | C11: 1-000555, 20 | E11: =Allg!P21/(1+SicherheitAngebot)/(1+Gewinn) -> 0 | F11: 100 | G11: =Doku*(1+Gewinn)*(1+Sicherheit) -> 88.885525 | I11: =Übersicht!$G$36 -> 0 | J11: =F11*I11 -> 0 | K11: =J11+E11 -> 0 | L11: =IF(K$33<>0,K11/K$33,0) -> 0
B12: Konstruktion Elektrik
B13: E-Konstruktion | C13: 170 | F13: 92 | G13: =EKo*(1+Gewinn)*(1+Sicherheit) -> 81.774683 | I13: =Übersicht!$I$33+Übersicht!I36 -> 778 | J13: =F13*I13 -> 71576 | K13: =J13+J14+J15 -> 372296 | L13: =IF(K$33<>0,J13/K$33,0) -> 0.036354688
B14: Software | C14: 180 | F14: 105 | G14: =Sw*(1+Gewinn)*(1+Sicherheit) -> 93.329802 | I14: =Übersicht!$J$33+Übersicht!$J$35+Übersicht!$J$36 -> 1207 | J14: =F14*I14 -> 126735 | L14: =IF(K$33<>0,J14/K$33,0) -> 0.064370897
B15: Inbetriebnahme im Haus | C15: 190 | F15: 105 | G15: =Inb*(1+Gewinn)*(1+Sicherheit) -> 93.329802 | I15: =Übersicht!$K$33 -> 1657 | J15: =F15*I15 -> 173985 | L15: =IF(K$33<>0,J15/K$33,0) -> 0.088369989
B16: Projektmanagement
B17: Projektleitung (Pl) | C17: 270 | F17: 110 | G17: =Pl*(1+Gewinn)*(1+Sicherheit) -> 97.774078 | I17: =Übersicht!$G$35+Übersicht!$G$33 -> 550 | J17: =F17*I17 -> 60500 | K17: =F17*I17 -> 60500 | L17: =IF(K$33<>0,J17/K$33,0) -> 0.030728996 | X17: tt
B18: Fertigung
B19: Montage | C19: 110 | F19: 82 | G19: =Mo*(1+Gewinn)*(1+Sicherheit) -> 72.886131 | I19: =Übersicht!$M$33 -> 2182 | J19: =F19*I19 -> 178924 | K19: =J19+J20+J21 -> 480094 | L19: =IF(K$33<>0,J19/K$33,0) -> 0.090878593
B20: Teilefertigung | C20: 50 | F20: 85 | G20: =TF*(1+Gewinn)*(1+Sicherheit) -> 75.552697 | I20: =Übersicht!$N$8 -> 2544.7059 | J20: =F20*I20 -> 216300 | L20: =IF(K$33<>0,J20/K$33,0) -> 0.10986251
B21: Elektrik | C21: 230 | F21: 82 | G21: =El*(1+Gewinn)*(1+Sicherheit) -> 72.886131 | I21: =Übersicht!$L$33 -> 1035 | J21: =F21*I21 -> 84870 | L21: =IF(K$33<>0,J21/K$33,0) -> 0.04310694
B22: Materialkosten | I22: MGKZ | J22: kalkuliert | K22: inkl. MGKZ
B23: Kaufteile | C23: *KT | I23: =MGKZ -> 0.1 | J23: =Übersicht!$O$33/(1+SicherheitAngebot)/(1+Gewinn)/(1+MGKZ) -> 627600 | K23: =J23*(1+$I$23) -> 690360 | L23: =IF(K$33<>0,K23/K$33,0) -> 0.35064578
B24: Versandkosten | C24: 1-000537 | I24: 0 | J24: =(Übersicht!$AT$37+Übersicht!$AT$38)/(1+SicherheitAngebot)/(1+Gewinn) -> 7000 | K24: =J24*(1+$I$24) -> 7000 | L24: =IF(K$33<>0,J24/K$33,0) -> 0.003555421
B25: Inbetriebnahme Kunde | I25: Std.VK | J25: Betrag in €
B26: Projektleitung (Pl) | C26: 390 | F26: =Pl -> 110 | G26: =Pl*(1+Gewinn)*(1+Sicherheit) -> 97.774078 | I26: =Übersicht!$S$33 -> 40 | J26: =F26*I26 -> 4400 | K26: =SUM(J26:J32) -> 95974.5 | L26: =IF(K$33<>0,K26/K$33,0) -> 0.048747108
B27: Software (+ E-Konstruktion) | C27: 200 | F27: =Inb -> 105 | G27: =Inb*(1+Gewinn)*(1+Sicherheit) -> 93.329802 | I27: =Übersicht!$V$33+Übersicht!$U$33 -> 170 | J27: =F27*I27 -> 17850
B28: Montage | C28: 150 | F28: =Mo -> 82 | G28: =Mo*(1+Gewinn)*(1+Sicherheit) -> 72.886131 | I28: =Übersicht!$X$33 -> 220 | J28: =F28*I28 -> 18040
B29: Elektrik | C29: 260 | F29: =El -> 82 | G29: =El*(1+Gewinn)*(1+Sicherheit) -> 72.886131 | I29: =Übersicht!$W$33 -> 140 | J29: =F29*I29 -> 11480
B30: Reisekosten (Zeiten) | C30: 340,350,360,370(MK),380 + PL + EKo | J30: =SUM(Übersicht!Z6:AE6)/(1+Gewinn)/(1+SicherheitAngebot) -> 10840
B31: Hotel, Auslöse, sonstiges (Zuschläge) | C31: 1-000006,7,8,9,10,11,13, 1-00921 | F31: 0.25 | J31: =(SUM(Übersicht!AG6:AN6)+Übersicht!AP6-Übersicht!AJ6)/(1+Gewinn)/(1+SicherheitAngebot) -> 29864.5 | N31: MGKZ | O31: 0.1 | P31: Sicherheit
B32: Flüge | C32: 1-000012 | J32: =Übersicht!AJ6/(1+Gewinn)/(1+SicherheitAngebot) -> 3500 | N32: Gewinn | O32: 0 | P32: Angebotskalkulation
C33: Grundlage Kunden-IBN | I33: Kalkuliert inkl. Nachträge | K33: =SUM(K9:K32) -> 1968824.5 | N33: Verhandlungsspielraum | O33: 0 | P33: =1/(1-O33)-1 -> 0
C34: Auslöse pro Tag | F34: 52 | G34: =Auslöse*(1+Gewinn)*(1+Sicherheit) -> 46.220473 | I34: Gewinn | J34: =Gewinn -> 0 | K34: =K33*J34 -> 0
C35: Hotel pro Tag | F35: 100 | G35: =Hotel*(1+Gewinn)*(1+Sicherheit) -> 88.885525 | I35: Angebotspreis mit Gewinn | K35: =K33+K34 -> 1968824.5 | N35: Projektnachlass | O35: =IF(O37<>0,1-(O37/(K35*(1+P33))),O36) -> 0.11114475 | P35: =IF(O35<>0,(1+P33)*(1-O35)-1,"-") -> -0.11114475
C36: Kilometerpauschale Firmen-PKW | F36: 0.6 | G36: =KM_Pauschale*(1+Gewinn)*(1+Sicherheit) -> 0.53331315 | I36: Sicherheit | J36: =IF(O35<>0,(1+P33)*(1-O35)-1,P33) -> -0.11114475 | K36: =K35*J36 -> -218824.5 | N36: Verhandlungsnachlass | P36: Sicherheit nach
I37: Angebotspreis final | K37: =K35+K36 -> 1750000 | N37: oder gewünschter Zielpreis | O37: 1750000 | P37: Verhandlung
B38: MS-F_Rev.:8 / 06.03.25 / S. Schnurrenberger | I38: Angebotspreis Abgabe | K38: =Übersicht!AT40 -> 1968824.5

Sheet TP
B2: Terminübersicht | N2: =Anlage -> Automatic Production Line for Wire Processing
B3: =Kunde -> Dräxlmeier Satu Mare | E3: =Übersicht!E3 -> Hr. Eglseder
B4: =Anlage -> Automatic Production Line for Wire Processing
B5: =Angebotsnummer -> A07616000A | D5: =Datum -> 45825 | E5: =Bearbeiter -> Schötz/Radlbeck | N5: 2024 | CJ5: 2025 | GK5: 2026
N6: Februar | W6: März | AF6: April | AO6: Mai | AY6: Juni | BH6: Juli | BO6: August | BX6: September | CG6: Oktober | CJ6: Januar | CT6: Februar | DB6: März | DJ6: April | DT6: Mai | EB6: Juni | EJ6: Juli | ET6: August | FB6: September | FK6: Oktober | FT6: November | GB6: Dezember | GK6: Januar | GT6: Februar | HB6: März | HK6: April | HT6: Mai | IB6: Juni | IK6: Juli | IT6: August | JB6: September | JK6: Oktober | JT6: November | KB6: Dezember
G7: Vorgaben | M7: KW | N7: 5 | P7: 6 | R7: 7 | T7: 8 | V7: 9 | X7: 10 | Z7: 11 | AB7: 12 | AD7: 13 | AF7: 14 | AH7: 15 | AJ7: 16 | AL7: 17 | AN7: 18 | AP7: 19 | AR7: 20 | AT7: 21 | AV7: 22 | AX7: 23 | AZ7: 24 | BB7: 25 | BD7: 26 | BF7: 27 | BH7: 28 | BJ7: 29 | BL7: 30 | BN7: 31 | BP7: 32 | BR7: 33 | BT7: 34 | BV7: 35 | BX7: 36 | BZ7: 37 | CB7: 38 | CD7: 39 | CF7: 40 | CH7: 41 | CJ7: 1 | CL7: =CJ7+1 -> 2 | CN7: =CL7+1 -> 3 | CP7: =CN7+1 -> 4 | CR7: =CP7+1 -> 5 | CT7: =CR7+1 -> 6 | CV7: =CT7+1 -> 7 | CX7: =CV7+1 -> 8 | CZ7: =CX7+1 -> 9 | DB7: =CZ7+1 -> 10 | DD7: =DB7+1 -> 11 | DF7: =DD7+1 -> 12 | DH7: =DF7+1 -> 13 | DJ7: =DH7+1 -> 14 | DL7: =DJ7+1 -> 15 | DN7: =DL7+1 -> 16 | DP7: =DN7+1 -> 17 | DR7: =DP7+1 -> 18 | DT7: =DR7+1 -> 19 | DV7: =DT7+1 -> 20 | DX7: =DV7+1 -> 21 | DZ7: =DX7+1 -> 22 | EB7: =DZ7+1 -> 23 | ED7: =EB7+1 -> 24 | EF7: =ED7+1 -> 25 | EH7: =EF7+1 -> 26 | EJ7: =EH7+1 -> 27 | EL7: =EJ7+1 -> 28 | EN7: =EL7+1 -> 29 | EP7: =EN7+1 -> 30 | ER7: =EP7+1 -> 31 | ET7: =ER7+1 -> 32 | EV7: =ET7+1 -> 33 | EX7: =EV7+1 -> 34 | EZ7: =EX7+1 -> 35 | FB7: =EZ7+1 -> 36 | FD7: =FB7+1 -> 37 | FF7: =FD7+1 -> 38 | FH7: =FF7+1 -> 39 | FJ7: =FH7+1 -> 40 | FL7: =FJ7+1 -> 41 | FN7: =FL7+1 -> 42 | FP7: =FN7+1 -> 43 | FR7: =FP7+1 -> 44 | FT7: =FR7+1 -> 45 | FV7: =FT7+1 -> 46 | FX7: =FV7+1 -> 47 | FZ7: =FX7+1 -> 48 | GB7: =FZ7+1 -> 49 | GD7: =GB7+1 -> 50 | GF7: =GD7+1 -> 51 | GH7: =GF7+1 -> 52 | GJ7: 1 | GL7: =GJ7+1 -> 2 | GN7: =GL7+1 -> 3 | GP7: =GN7+1 -> 4 | GR7: =GP7+1 -> 5 | GT7: =GR7+1 -> 6 | GV7: =GT7+1 -> 7 | GX7: =GV7+1 -> 8 | GZ7: =GX7+1 -> 9 | HB7: =GZ7+1 -> 10 | HD7: =HB7+1 -> 11 | HF7: =HD7+1 -> 12 | HH7: =HF7+1 -> 13 | HJ7: =HH7+1 -> 14 | HL7: =HJ7+1 -> 15 | HN7: =HL7+1 -> 16 | HP7: =HN7+1 -> 17 | HR7: =HP7+1 -> 18 | HT7: =HR7+1 -> 19 | HV7: =HT7+1 -> 20 | HX7: =HV7+1 -> 21 | HZ7: =HX7+1 -> 22 | IB7: =HZ7+1 -> 23 | ID7: =IB7+1 -> 24 | IF7: =ID7+1 -> 25 | IH7: =IF7+1 -> 26 | IJ7: =IH7+1 -> 27 | IL7: =IJ7+1 -> 28 | IN7: =IL7+1 -> 29 | IP7: =IN7+1 -> 30 | IR7: =IP7+1 -> 31 | IT7: =IR7+1 -> 32 | IV7: =IT7+1 -> 33 | IX7: =IV7+1 -> 34 | IZ7: =IX7+1 -> 35 | JB7: =IZ7+1 -> 36 | JD7: =JB7+1 -> 37 | JF7: =JD7+1 -> 38 | JH7: =JF7+1 -> 39 | JJ7: =JH7+1 -> 40 | JL7: =JJ7+1 -> 41 | JN7: =JL7+1 -> 42 | JP7: =JN7+1 -> 43 | JR7: =JP7+1 -> 44 | JT7: =JR7+1 -> 45 | JV7: =JT7+1 -> 46 | JX7: =JV7+1 -> 47 | JZ7: =JX7+1 -> 48 | KB7: =JZ7+1 -> 49 | KD7: =KB7+1 -> 50 | KF7: =KD7+1 -> 51 | KH7: =KF7+1 -> 52 | KJ7: =KH7+1 -> 53
B9: Projektmanagement | G9: =Übersicht!$G$35 -> 550
B10: Mechanik-Konstruktion | G10: =VK!$I$10 -> 2626
B11: Elektro-Konstruktion | G11: =VK!$I$13 -> 778
B12: Kaufteile/Beistellungen | G12: =VK!$J$23 -> 627600
B13: Teilefertigung | G13: =VK!$J$20 -> 216300
B14: Montage | G14: =VK!$I$19 -> 2182
B15: Elektik | G15: =VK!$I$21 -> 1035
B16: Software | G16: =VK!$I$14 -> 1207
B17: Inbetriebnahme im Haus | G17: =VK!$I$15 -> 1657
B18: Verpacken/Verladen/Transport | G18: =Übersicht!Q$38 -> 0
B19: Wiederaufbau und Inbetriebnahme | G19: Sw | H19: =Übersicht!V33 -> 170 | I19: Mo | J19: =Übersicht!X33 -> 220 | K19: El | L19: =Übersicht!W33 -> 140
D21: MKo
D22: EKo TF Kaufteile (o. MGZ)
D23: SW Mo El
D24: Inb im Haus

Sheet AP+
B2: Projektvorgabewerte zur Eingabe in AP+
B3: =Kunde -> Dräxlmeier Satu Mare | D3: =Übersicht!E3 -> Hr. Eglseder
B4: =Anlage -> Automatic Production Line for Wire Processing
B5: =Angebotsnummer -> A07616000A | C5: =Datum -> 45825 | D5: =Bearbeiter -> Schötz/Radlbeck
E6: Eingabewerte | L6: Eingabewerte
B7: M-Konstruktion + IBN-Kunde | D7: 10 | E7: =Übersicht!$H$33+Übersicht!$H$35+Übersicht!$H$36+Übersicht!$T$33 -> 2626 | F7: =Übersicht!$T$33 -> 0 | J7: Kaufteile | K7: *KT | L7: =VK!J23 -> 627600
B9: Dokumentation | D9: 20 | E9: =Übersicht!$G$36 -> 0 | J9: Auslösen | K9: 1-000006 | L9: =Übersicht!$AG$6/(1+Gewinn)/(1+SicherheitAngebot) -> 4212
B11: Teilefertigung std : min | D11: 50 | E11: =Übersicht!$N$8 -> 2544.7059 | F11: =ROUNDDOWN(E11,0) -> 2544 | G11: : | H11: =(E11-F11)*60 -> 42.352941 | J11: Übernachtung / Hotel | K11: 1-000007 | L11: =Übersicht!$AH$6/(1+Gewinn)/(1+SicherheitAngebot) -> 7000
B13: Montage im Haus | D13: 110 | E13: =Übersicht!$M$33 -> 2182 | J13: Kilometer Firmen-PKW | K13: 1-000008 | L13: =Übersicht!$AI$6/(1+Gewinn)/(1+SicherheitAngebot) -> 0
B15: Montage IBN-Kunde | D15: 150 | E15: =Übersicht!$X$33 -> 220 | J15: Taxi | K15: 1-000009 | L15: =Übersicht!$AK$6/(1+Gewinn)/(1+SicherheitAngebot) -> 0
B17: E-Konstruktion | D17: 170 | E17: =Übersicht!$I$33+Übersicht!$I$36 -> 778 | J17: Leihauto | K17: 1-000010 | L17: =Übersicht!$AL$6/(1+Gewinn)/(1+SicherheitAngebot) -> 3000
B19: Software | D19: 180 | E19: =Übersicht!$J$33+Übersicht!$J$35+Übersicht!$J$36 -> 1207 | J19: Bus/Zug/Fähre | K19: 1-000011 | L19: =Übersicht!$AM$6/(1+Gewinn)/(1+SicherheitAngebot) -> 0
B21: Software-IBN + Schulung im Haus | D21: 190 | E21: =Übersicht!$K$33 -> 1657 | J21: Flüge | K21: 1-000012 | L21: =Übersicht!$AJ$6/(1+Gewinn)/(1+SicherheitAngebot) -> 3500
B23: Software IBN-Kunde + E-Konstruktion | D23: 200 | E23: =Übersicht!$V$33+Übersicht!$U$33 -> 170 | F23: =Übersicht!$U$33 -> 0 | J23: Sonstiges | K23: 1-000013 | L23: =Übersicht!$AN$6/(1+Gewinn)/(1+SicherheitAngebot) -> 0
B25: Elektrik im Haus | D25: 230 | E25: =Übersicht!$L$33 -> 1035 | J25: Zuschläge 25% Arbeits+Reisezeiten | K25: 1-001921 | L25: =Übersicht!$AP$6/(1+Gewinn)/(1+SicherheitAngebot) -> 15652.5
B27: Elektro-Monteur IBN-Kunde | D27: 260 | E27: =Übersicht!$W$33 -> 140 | J27: Versandkosten (Verpackung und Transport) | K27: 1-000537 | L27: =VK!J24 -> 7000
B29: Projektleiter intern | D29: 270 | E29: =Übersicht!$G$35+Übersicht!$G$33 -> 550 | J29: Dokumentation auswärts | K29: 1-000555 | L29: =Allg!$P$21/(1+Gewinn)/(1+SicherheitAngebot) -> 0
B31: Montage Reisezeiten | D31: 340 | E31: =Übersicht!$AE$33 -> 48 | J31: Kalkuliert Netto | L31: =VK!K33 -> 1968824.5
B33: Software Reisezeiten + E-Konstruktion | D33: 350 | E33: =Übersicht!$AB$33+Übersicht!$AC$33 -> 24 | F33: =Übersicht!$AB$33 -> 0 | J33: Gewinn | L33: =Gewinn -> 0
B35: Elektro Monteur Reisezeiten | D35: 360 | E35: =Übersicht!$AD$33 -> 32 | J35: Sicherheit | L35: =Sicherheit -> -0.11114475
B37: M-Konstruktion Reisezeit | D37: 370 | E37: =Übersicht!$AA$33 -> 0 | J37: Projektnachlass Verhandlung | L37: =Projektnachlass -> 0.11114475
B39: Projektleiter Reisezeiten | D39: 380 | E39: =Übersicht!$Z$33 -> 16 | J39: Angebotspreis Abgabe | L39: =VK!K38 -> 1968824.5
B41: Projektleiter IBN-Kunde | D41: 390 | E41: =Übersicht!$S$33 -> 40 | J41: Angebotspreis final | L41: =VK!K37 -> 1750000
J44: Hinweis zu Zuschlägen 25% 1-001921:
B45: =Revision -> MS-F_Rev.:8 / 06.03.25 / S. Schnurrenberger | J45: tauchen in der Nachkalkulation bei den aufgelaufenene Kosten nicht auf!

Sheet Allg
B2: Allgemeine Projektkosten: Projektmanagement - Dokumentation - Verpackung - Versand
B3: =Kunde -> Dräxlmeier Satu Mare | E3: =Übersicht!E3 -> Hr. Eglseder
B4: =Anlage -> Automatic Production Line for Wire Processing | T4: Projektnachlass:
B5: =Angebotsnummer -> A07616000A | D5: =Datum -> 45825 | E5: =Bearbeiter -> Schötz/Radlbeck | T5: =Projektnachlass -> 0.11114475
B7: Pos | C7: Bezeichnung | G7: Bemerkung | I7: Stück | J7: Pl | K7: Doku | L7: MKo | M7: EKo | N7: Sw | O7: KT netto | P7: KT | R7: Summe | T7: Summe
B9: 1 | C9: =Übersicht!C35 -> Projektmanagement/Projektleitung im Haus | I9: =Übersicht!F35 -> 1 | J9: =I9*SUM(J10:J19) -> 550 | L9: =I9*SUM(L10:L19) -> 100 | N9: =I9*SUM(N10:N19) -> 100 | R9: =(J9*Pl+L9*MKo+N9*Sw)*(1+Gewinn)*(1+SicherheitAngebot) -> 81000 | T9: =IF(I$9>0,R9/(1+SicherheitAngebot)*(1+Sicherheit),0) -> 71997.276
C10: Pauschal | J10: 550 | L10: 100 | N10: 100 | R10: =(J10*Pl+L10*MKo+N10*Sw)*(1+Gewinn)*(1+SicherheitAngebot) -> 81000 | T10: =IF(I$9>0,R10/(1+SicherheitAngebot)*(1+Sicherheit),0) -> 71997.276
C11: Kickoff, FMEA, Statusberichte | R11: =(J11*Pl+L11*MKo+N11*Sw)*(1+Gewinn)*(1+SicherheitAngebot) -> 0 | T11: =IF(I$9>0,R11/(1+SicherheitAngebot)*(1+Sicherheit),0) -> 0
C12: Anlagenbesichtigung durch Kunde | R12: =(J12*Pl+L12*MKo+N12*Sw)*(1+Gewinn)*(1+SicherheitAngebot) -> 0 | T12: =IF(I$9>0,R12/(1+SicherheitAngebot)*(1+Sicherheit),0) -> 0
C13: Vorabnahme | R13: =(J13*Pl+L13*MKo+N13*Sw)*(1+Gewinn)*(1+SicherheitAngebot) -> 0 | T13: =IF(I$9>0,R13/(1+SicherheitAngebot)*(1+Sicherheit),0) -> 0
C14: Fotos-Film erstellen | R14: =(J14*Pl+L14*MKo+N14*Sw)*(1+Gewinn)*(1+SicherheitAngebot) -> 0 | T14: =IF(I$9>0,R14/(1+SicherheitAngebot)*(1+Sicherheit),0) -> 0
C15: Versand | R15: =(J15*Pl+L15*MKo+N15*Sw)*(1+Gewinn)*(1+SicherheitAngebot) -> 0 | T15: =IF(I$9>0,R15/(1+SicherheitAngebot)*(1+Sicherheit),0) -> 0
C16: Planung IBN Kunde | R16: =(J16*Pl+L16*MKo+N16*Sw)*(1+Gewinn)*(1+SicherheitAngebot) -> 0 | T16: =IF(I$9>0,R16/(1+SicherheitAngebot)*(1+Sicherheit),0) -> 0
C17: Optimierungen | R17: =(J17*Pl+L17*MKo+N17*Sw)*(1+Gewinn)*(1+SicherheitAngebot) -> 0 | T17: =IF(I$9>0,R17/(1+SicherheitAngebot)*(1+Sicherheit),0) -> 0
C18: Endabnahme - Review | R18: =(J18*Pl+L18*MKo+N18*Sw)*(1+Gewinn)*(1+SicherheitAngebot) -> 0 | T18: =IF(I$9>0,R18/(1+SicherheitAngebot)*(1+Sicherheit),0) -> 0
R19: =(J19*Pl+L19*MKo+N19*Sw)*(1+Gewinn)*(1+SicherheitAngebot) -> 0 | T19: =IF(I$9>0,R19/(1+SicherheitAngebot)*(1+Sicherheit),0) -> 0
B21: 2 | C21: =Übersicht!C36 -> Dokumentation | I21: =Übersicht!F36 -> 1 | K21: =I21*SUM(K22:K31) -> 0 | L21: =I21*SUM(L22:L31) -> 80 | M21: =I21*SUM(M22:M31) -> 50 | N21: =I21*SUM(N22:N31) -> 80 | O21: =I21*SUM(O22:O31) -> 0 | P21: =O21*(1+Gewinn)*(1+SicherheitAngebot) -> 0 | R21: =(K21*Doku+L21*MKo+M21*EKo+N21*Sw)*(1+Gewinn)*(1+SicherheitAngebot)+P21 -> 21000 | T21: =IF(I$21>0,R21/(1+SicherheitAngebot)*(1+Sicherheit),0) -> 18665.96
C22: Pauschal | L22: 80 | M22: 50 | N22: 80 | P22: =O22*(1+Gewinn)*(1+SicherheitAngebot) -> 0 | R22: =(K22*Doku+L22*MKo+M22*EKo+N22*Sw)*(1+Gewinn)*(1+SicherheitAngebot)+P22 -> 21000 | T22: =IF(I$21>0,R22/(1+SicherheitAngebot)*(1+Sicherheit),0) -> 18665.96
C23: Zeichnungen, Stücklisten ausdrucken | G23: Dokumentation | P23: =O23*(1+Gewinn)*(1+SicherheitAngebot) -> 0 | R23: =(K23*Doku+L23*MKo+M23*EKo+N23*Sw)*(1+Gewinn)*(1+SicherheitAngebot)+P23 -> 0 | T23: =IF(I$21>0,R23/(1+SicherheitAngebot)*(1+Sicherheit),0) -> 0
C24: CD, Ordner erstellen | G24: Dokumentation | P24: =O24*(1+Gewinn)*(1+SicherheitAngebot) -> 0 | R24: =(K24*Doku+L24*MKo+M24*EKo+N24*Sw)*(1+Gewinn)*(1+SicherheitAngebot)+P24 -> 0 | T24: =IF(I$21>0,R24/(1+SicherheitAngebot)*(1+Sicherheit),0) -> 0
C25: Bedienfunktionen, Geräteeinstellungen | G25: Software | P25: =O25*(1+Gewinn)*(1+SicherheitAngebot) -> 0 | R25: =(K25*Doku+L25*MKo+M25*EKo+N25*Sw)*(1+Gewinn)*(1+SicherheitAngebot)+P25 -> 0 | T25: =IF(I$21>0,R25/(1+SicherheitAngebot)*(1+Sicherheit),0) -> 0
C26: Betriebsanleitung | G26: Software | P26: =O26*(1+Gewinn)*(1+SicherheitAngebot) -> 0 | R26: =(K26*Doku+L26*MKo+M26*EKo+N26*Sw)*(1+Gewinn)*(1+SicherheitAngebot)+P26 -> 0 | T26: =IF(I$21>0,R26/(1+SicherheitAngebot)*(1+Sicherheit),0) -> 0
C27: Eplan und Stückliste drucken, Ablage am Server | G27: E-Konstruktion | P27: =O27*(1+Gewinn)*(1+SicherheitAngebot) -> 0 | R27: =(K27*Doku+L27*MKo+M27*EKo+N27*Sw)*(1+Gewinn)*(1+SicherheitAngebot)+P27 -> 0 | T27: =IF(I$21>0,R27/(1+SicherheitAngebot)*(1+Sicherheit),0) -> 0
C28: Risikoanalyse, Wartungspläne | G28: M-Konstruktion | P28: =O28*(1+Gewinn)*(1+SicherheitAngebot) -> 0 | R28: =(K28*Doku+L28*MKo+M28*EKo+N28*Sw)*(1+Gewinn)*(1+SicherheitAngebot)+P28 -> 0 | T28: =IF(I$21>0,R28/(1+SicherheitAngebot)*(1+Sicherheit),0) -> 0
C29: Übersetzungskosten | P29: =O29*(1+Gewinn)*(1+SicherheitAngebot) -> 0 | R29: =(K29*Doku+L29*MKo+M29*EKo+N29*Sw)*(1+Gewinn)*(1+SicherheitAngebot)+P29 -> 0 | T29: =IF(I$21>0,R29/(1+SicherheitAngebot)*(1+Sicherheit),0) -> 0
P30: =O30*(1+Gewinn)*(1+SicherheitAngebot) -> 0 | R30: =(K30*Doku+L30*MKo+M30*EKo+N30*Sw)*(1+Gewinn)*(1+SicherheitAngebot)+P30 -> 0 | T30: =IF(I$21>0,R30/(1+SicherheitAngebot)*(1+Sicherheit),0) -> 0
P31: =O31*(1+Gewinn)*(1+SicherheitAngebot) -> 0 | R31: =(K31*Doku+L31*MKo+M31*EKo+N31*Sw)*(1+Gewinn)*(1+SicherheitAngebot)+P31 -> 0 | T31: =IF(I$21>0,R31/(1+SicherheitAngebot)*(1+Sicherheit),0) -> 0
B33: 3 | C33: =Übersicht!C37 -> Verpackung | I33: =Übersicht!F37 -> 1 | O33: =I33*SUM(O34:O43) -> 2000 | R33: =O33*(1+Gewinn)*(1+SicherheitAngebot) -> 2000 | T33: =IF(I$33>0,R33/(1+SicherheitAngebot)*(1+Sicherheit),0) -> 1777.7105
C34: Pauschal | O34: 2000 | R34: =O34*(1+Gewinn)*(1+SicherheitAngebot) -> 2000 | T34: =IF(I$33>0,R34/(1+SicherheitAngebot)*(1+Sicherheit),0) -> 1777.7105
C35: Kiste mit seem. Verpackung 280x240x290cm Tara 600kg | G35: Stand 2020: 862€ | R35: =O35*(1+Gewinn)*(1+SicherheitAngebot) -> 0 | T35: =IF(I$33>0,R35/(1+SicherheitAngebot)*(1+Sicherheit),0) -> 0
C36: Kiste mit seem. Verpackung350x240x285cm Tara 900kg | G36: Stand 2020: 1.260€ | R36: =O36*(1+Gewinn)*(1+SicherheitAngebot) -> 0 | T36: =IF(I$33>0,R36/(1+SicherheitAngebot)*(1+Sicherheit),0) -> 0
C37: Kiste mit seem. Verpackung 410x240x290cm Tara 1000kg | G37: Stand 2020: 1.434€ | R37: =O37*(1+Gewinn)*(1+SicherheitAngebot) -> 0 | T37: =IF(I$33>0,R37/(1+SicherheitAngebot)*(1+Sicherheit),0) -> 0
C38: Frachtkosten für Anlieferung 2-3 Kisten | G38: Stand 2020: 500€ | R38: =O38*(1+Gewinn)*(1+SicherheitAngebot) -> 0 | T38: =IF(I$33>0,R38/(1+SicherheitAngebot)*(1+Sicherheit),0) -> 0
C39: HDEV5 SL 16 nach ChP (5645) 6 Kisten + Frachtkostenp.750,-- | G39: Stand 2020: 10.006€ #5645 | R39: =O39*(1+Gewinn)*(1+SicherheitAngebot) -> 0 | T39: =IF(I$33>0,R39/(1+SicherheitAngebot)*(1+Sicherheit),0) -> 0
C40: Kiste mit seem. Verpackung270x235x290cm Tara 750kg | G40: Stand 2020: 1.049€ #5814 | R40: =O40*(1+Gewinn)*(1+SicherheitAngebot) -> 0 | T40: =IF(I$33>0,R40/(1+SicherheitAngebot)*(1+Sicherheit),0) -> 0
C41: Kiste mit seem. Verpackung430x240x285cm Tara 1050kg | G41: Stand 2020: 1.470€ #5903 | R41: =O41*(1+Gewinn)*(1+SicherheitAngebot) -> 0 | T41: =IF(I$33>0,R41/(1+SicherheitAngebot)*(1+Sicherheit),0) -> 0
C42: Verpackungsmaterial (Holzbalken, Folie, ...) | G42: Stand 2020: 300€ | R42: =O42*(1+Gewinn)*(1+SicherheitAngebot) -> 0 | T42: =IF(I$33>0,R42/(1+SicherheitAngebot)*(1+Sicherheit),0) -> 0
R43: =O43*(1+Gewinn)*(1+SicherheitAngebot) -> 0 | T43: =IF(I$33>0,R43/(1+SicherheitAngebot)*(1+Sicherheit),0) -> 0
B45: 4 | C45: =Übersicht!C38 -> Versand | I45: =Übersicht!F38 -> 1 | O45: =I45*SUM(O46:O55) -> 5000 | R45: =O45*(1+Gewinn)*(1+SicherheitAngebot) -> 5000 | T45: =IF(I$45>0,R45/(1+SicherheitAngebot)*(1+Sicherheit),0) -> 4444.2763
C46: Pauschal | R46: =O46*(1+Gewinn)*(1+SicherheitAngebot) -> 0 | T46: =IF(I$45>0,R46/(1+SicherheitAngebot)*(1+Sicherheit),0) -> 0
C47: Versand Inland bis 300km - 1 LKW | G47: Stand 2020: 500€ | R47: =O47*(1+Gewinn)*(1+SicherheitAngebot) -> 0 | T47: =IF(I$45>0,R47/(1+SicherheitAngebot)*(1+Sicherheit),0) -> 0
C48: Versand Inland bis 600km - 1 LKW | G48: Stand 2020: 600€ | R48: =O48*(1+Gewinn)*(1+SicherheitAngebot) -> 0 | T48: =IF(I$45>0,R48/(1+SicherheitAngebot)*(1+Sicherheit),0) -> 0
C49: Versand nach Satu Mare Rumänien | G49: 2 LKW´s | O49: 5000 | R49: =O49*(1+Gewinn)*(1+SicherheitAngebot) -> 5000 | T49: =IF(I$45>0,R49/(1+SicherheitAngebot)*(1+Sicherheit),0) -> 4444.2763
R50: =O50*(1+Gewinn)*(1+SicherheitAngebot) -> 0 | T50: =IF(I$45>0,R50/(1+SicherheitAngebot)*(1+Sicherheit),0) -> 0
R51: =O51*(1+Gewinn)*(1+SicherheitAngebot) -> 0 | T51: =IF(I$45>0,R51/(1+SicherheitAngebot)*(1+Sicherheit),0) -> 0
R52: =O52*(1+Gewinn)*(1+SicherheitAngebot) -> 0 | T52: =IF(I$45>0,R52/(1+SicherheitAngebot)*(1+Sicherheit),0) -> 0
R53: =O53*(1+Gewinn)*(1+SicherheitAngebot) -> 0 | T53: =IF(I$45>0,R53/(1+SicherheitAngebot)*(1+Sicherheit),0) -> 0
R54: =O54*(1+Gewinn)*(1+SicherheitAngebot) -> 0 | T54: =IF(I$45>0,R54/(1+SicherheitAngebot)*(1+Sicherheit),0) -> 0
R55: =O55*(1+Gewinn)*(1+SicherheitAngebot) -> 0 | T55: =IF(I$45>0,R55/(1+SicherheitAngebot)*(1+Sicherheit),0) -> 0

Sheet 1
B2: M01 | C2: =Übersicht!C12 -> Automatic Production Line | G2: Modulkalkulation | H2: =Übersicht!F12 -> 1 | U2: =U8*$H2 -> 1630230 | V2: + | AV2: =AV8*$H2 -> 95974.5 | AW2: = | AX2: =AX8*$H2 -> 1726204.5 | AZ2: =AZ8*$H2 -> 1449038.5 | BA2: + | BB2: =BB8*$H2 -> 85307.439 | BC2: = | BD2: =BD8*$H2 -> 1534345.9
B3: =Kunde -> Dräxlmeier Satu Mare | E3: =Übersicht!E3 -> Hr. Eglseder | G3: =Revision -> MS-F_Rev.:8 / 06.03.25 / S. Schnurrenberger | AZ3: Projektnachlass:
B4: =Anlage -> Automatic Production Line for Wire Processing | AZ4: =Projektnachlass -> 0.11114475
B5: =Angebotsnummer -> A07616000A | D5: =Datum -> 45825 | E5: =Bearbeiter -> Schötz/Radlbeck | I5: Arbeitszeiten im Haus | W5: Arbeitszeiten vor Ort | AD5: Reisezeiten | AK5: Auslösen, Hotel, Anfahrt, Flüge...
C6: Bemerkung bzw. Layout/Bild | I6: =I8*I7 -> 0 | J6: =J8*J7 -> 212600 | K6: =K8*K7 -> 60076 | L6: =L8*L7 -> 96810 | M6: =M8*M7 -> 159810 | N6: =N8*N7 -> 78310 | O6: =O8*O7 -> 162114 | P6: Summen in € | R6: =SUM(R12,R29,R46,R63,R80,R97,R114,R131,R148,R165,R182,R199,R216,R233,R250,R267,R284,R301,R318,R335,R352,R369,R386,R403,R420,R437,R454,R471,R488,R505) -> 207000 | S6: =SUM(S12,S29,S46,S63,S80,S97,S114,S131,S148,S165,S182,S199,S216,S233,S250,S267,S284,S301,S318,S335,S352,S369,S386,S403,S420,S437,S454,S471,S488,S505) -> 653510 | W6: =W8*W7 -> 4400 | X6: =X8*X7 -> 0 | Y6: =Y8*Y7 -> 0 | Z6: =Z8*Z7 -> 17850 | AA6: =AA8*AA7 -> 11480 | AB6: =AB8*AB7 -> 18040 | AD6: =AD8*AD7 -> 1760 | AE6: =AE8*AE7 -> 0 | AF6: =AF8*AF7 -> 0 | AG6: =AG8*AG7 -> 2520 | AH6: =AH8*AH7 -> 2624 | AI6: =AI8*AI7 -> 3936 | AK6: =AK8*AK7 -> 4212 | AL6: =AL8*AL7 -> 7000 | AM6: =AM8*AM7 -> 0 | AN6: =SUM(AN12,AN29,AN46,AN63,AN80,AN97,AN114,AN131,AN148,AN165,AN182,AN199,AN216,AN233,AN250,AN267,AN284,AN301,AN318,AN335,AN352,AN369,AN386,AN403,AN420,AN437,AN454,AN471,AN488,AN505) -> 3500 | AO6: =SUM(AO12,AO29,AO46,AO63,AO80,AO97,AO114,AO131,AO148,AO165,AO182,AO199,AO216,AO233,AO250,AO267,AO284,AO301,AO318,AO335,AO352,AO369,AO386,AO403,AO420,AO437,AO454,AO471,AO488,AO505) -> 0 | AP6: =SUM(AP12,AP29,AP46,AP63,AP80,AP97,AP114,AP131,AP148,AP165,AP182,AP199,AP216,AP233,AP250,AP267,AP284,AP301,AP318,AP335,AP352,AP369,AP386,AP403,AP420,AP437,AP454,AP471,AP488,AP505) -> 3000 | AQ6: =SUM(AQ12,AQ29,AQ46,AQ63,AQ80,AQ97,AQ114,AQ131,AQ148,AQ165,AQ182,AQ199,AQ216,AQ233,AQ250,AQ267,AQ284,AQ301,AQ318,AQ335,AQ352,AQ369,AQ386,AQ403,AQ420,AQ437,AQ454,AQ471,AQ488,AQ505) -> 0 | AR6: =SUM(AR12,AR29,AR46,AR63,AR80,AR97,AR114,AR131,AR148,AR165,AR182,AR199,AR216,AR233,AR250,AR267,AR284,AR301,AR318,AR335,AR352,AR369,AR386,AR403,AR420,AR437,AR454,AR471,AR488,AR505) -> 0 | AT6: =SUM(AT12,AT29,AT46,AT63,AT80,AT97,AT114,AT131,AT148,AT165,AT182,AT199,AT216,AT233,AT250,AT267,AT284,AT301,AT318,AT335,AT352,AT369,AT386,AT403,AT420,AT437,AT454,AT471,AT488,AT505) -> 15652.5
I7: =Pl*(1+Gewinn)*(1+SicherheitAngebot) -> 110 | J7: =MKo*(1+Gewinn)*(1+SicherheitAngebot) -> 100 | K7: =EKo*(1+Gewinn)*(1+SicherheitAngebot) -> 92 | L7: =Sw*(1+Gewinn)*(1+SicherheitAngebot) -> 105 | M7: =Inb*(1+Gewinn)*(1+SicherheitAngebot) -> 105 | N7: =El*(1+Gewinn)*(1+SicherheitAngebot) -> 82 | O7: =Mo*(1+Gewinn)*(1+SicherheitAngebot) -> 82 | P7: Gewinn | Q7: =Gewinn -> 0 | R7: =TF*(1+Gewinn)*(1+SicherheitAngebot) -> 85 | S7: MGKZ | U7: Einzelpreis | W7: =Pl*(1+Gewinn)*(1+SicherheitAngebot) -> 110 | X7: =MKo*(1+Gewinn)*(1+SicherheitAngebot) -> 100 | Y7: =Inb*(1+Gewinn)*(1+SicherheitAngebot) -> 105 | Z7: =Inb*(1+Gewinn)*(1+SicherheitAngebot) -> 105 | AA7: =El*(1+Gewinn)*(1+SicherheitAngebot) -> 82 | AB7: =Mo*(1+Gewinn)*(1+SicherheitAngebot) -> 82 | AD7: =Pl*(1+Gewinn)*(1+SicherheitAngebot) -> 110 | AE7: =MKo*(1+Gewinn)*(1+SicherheitAngebot) -> 100 | AF7: =Inb*(1+Gewinn)*(1+SicherheitAngebot) -> 105 | AG7: =Inb*(1+Gewinn)*(1+SicherheitAngebot) -> 105 | AH7: =El*(1+Gewinn)*(1+SicherheitAngebot) -> 82 | AI7: =Mo*(1+Gewinn)*(1+SicherheitAngebot) -> 82 | AK7: =Auslöse*(1+Gewinn)*(1+SicherheitAngebot) -> 52 | AL7: =Hotel*(1+Gewinn)*(1+SicherheitAngebot) -> 100 | AM7: =KM_Pauschale*(1+Gewinn)*(1+SicherheitAngebot) -> 0.6 | AN7: Flüge | AO7: Taxi | AP7: Leihauto | AQ7: Bus/Zug/F | AR7: Sonstiges | AT7: =Zuschläge_IBN -> 0.25 | AV7: Einzelpreis | AX7: Einzelpreis | AZ7: Einzelpreis | BB7: Einzelpreis | BD7: Einzelpreis
I8: =SUM(I12,I29,I46,I63,I80,I97,I114,I131,I148,I165,I182,I199,I216,I233,I250,I267,I284,I301,I318,I335,I352,I369,I386,I403,I420,I437,I454,I471,I488,I505) -> 0 | J8: =SUM(J12,J29,J46,J63,J80,J97,J114,J131,J148,J165,J182,J199,J216,J233,J250,J267,J284,J301,J318,J335,J352,J369,J386,J403,J420,J437,J454,J471,J488,J505) -> 2126 | K8: =SUM(K12,K29,K46,K63,K80,K97,K114,K131,K148,K165,K182,K199,K216,K233,K250,K267,K284,K301,K318,K335,K352,K369,K386,K403,K420,K437,K454,K471,K488,K505) -> 653 | L8: =SUM(L12,L29,L46,L63,L80,L97,L114,L131,L148,L165,L182,L199,L216,L233,L250,L267,L284,L301,L318,L335,L352,L369,L386,L403,L420,L437,L454,L471,L488,L505) -> 922 | M8: =SUM(M12,M29,M46,M63,M80,M97,M114,M131,M148,M165,M182,M199,M216,M233,M250,M267,M284,M301,M318,M335,M352,M369,M386,M403,M420,M437,M454,M471,M488,M505) -> 1522 | N8: =SUM(N12,N29,N46,N63,N80,N97,N114,N131,N148,N165,N182,N199,N216,N233,N250,N267,N284,N301,N318,N335,N352,N369,N386,N403,N420,N437,N454,N471,N488,N505) -> 955 | O8: =SUM(O12,O29,O46,O63,O80,O97,O114,O131,O148,O165,O182,O199,O216,O233,O250,O267,O284,O301,O318,O335,O352,O369,O386,O403,O420,O437,O454,O471,O488,O505) -> 1977 | P8: Sicherheit | Q8: =SicherheitAngebot -> 0 | R8: =R6/R7 -> 2435.2941 | S8: =MGKZ -> 0.1 | U8: =SUM(U12,U29,U46,U63,U80,U97,U114,U131,U148,U165,U182,U199,U216,U233,U250,U267,U284,U301,U318,U335,U352,U369,U386,U403,U420,U437,U454,U471,U488,U505) -> 1630230 | V8: + | W8: =SUM(W12,W29,W46,W63,W80,W97,W114,W131,W148,W165,W182,W199,W216,W233,W250,W267,W284,W301,W318,W335,W352,W369,W386,W403,W420,W437,W454,W471,W488,W505) -> 40 | X8: =SUM(X12,X29,X46,X63,X80,X97,X114,X131,X148,X165,X182,X199,X216,X233,X250,X267,X284,X301,X318,X335,X352,X369,X386,X403,X420,X437,X454,X471,X488,X505) -> 0 | Y8: =SUM(Y12,Y29,Y46,Y63,Y80,Y97,Y114,Y131,Y148,Y165,Y182,Y199,Y216,Y233,Y250,Y267,Y284,Y301,Y318,Y335,Y352,Y369,Y386,Y403,Y420,Y437,Y454,Y471,Y488,Y505) -> 0 | Z8: =SUM(Z12,Z29,Z46,Z63,Z80,Z97,Z114,Z131,Z148,Z165,Z182,Z199,Z216,Z233,Z250,Z267,Z284,Z301,Z318,Z335,Z352,Z369,Z386,Z403,Z420,Z437,Z454,Z471,Z488,Z505) -> 170 | AA8: =SUM(AA12,AA29,AA46,AA63,AA80,AA97,AA114,AA131,AA148,AA165,AA182,AA199,AA216,AA233,AA250,AA267,AA284,AA301,AA318,AA335,AA352,AA369,AA386,AA403,AA420,AA437,AA454,AA471,AA488,AA505) -> 140 | AB8: =SUM(AB12,AB29,AB46,AB63,AB80,AB97,AB114,AB131,AB148,AB165,AB182,AB199,AB216,AB233,AB250,AB267,AB284,AB301,AB318,AB335,AB352,AB369,AB386,AB403,AB420,AB437,AB454,AB471,AB488,AB505) -> 220 | AD8: =SUM(AD12,AD29,AD46,AD63,AD80,AD97,AD114,AD131,AD148,AD165,AD182,AD199,AD216,AD233,AD250,AD267,AD284,AD301,AD318,AD335,AD352,AD369,AD386,AD403,AD420,AD437,AD454,AD471,AD488,AD505) -> 16 | AE8: =SUM(AE12,AE29,AE46,AE63,AE80,AE97,AE114,AE131,AE148,AE165,AE182,AE199,AE216,AE233,AE250,AE267,AE284,AE301,AE318,AE335,AE352,AE369,AE386,AE403,AE420,AE437,AE454,AE471,AE488,AE505) -> 0 | AF8: =SUM(AF12,AF29,AF46,AF63,AF80,AF97,AF114,AF131,AF148,AF165,AF182,AF199,AF216,AF233,AF250,AF267,AF284,AF301,AF318,AF335,AF352,AF369,AF386,AF403,AF420,AF437,AF454,AF471,AF488,AF505) -> 0 | AG8: =SUM(AG12,AG29,AG46,AG63,AG80,AG97,AG114,AG131,AG148,AG165,AG182,AG199,AG216,AG233,AG250,AG267,AG284,AG301,AG318,AG335,AG352,AG369,AG386,AG403,AG420,AG437,AG454,AG471,AG488,AG505) -> 24 | AH8: =SUM(AH12,AH29,AH46,AH63,AH80,AH97,AH114,AH131,AH148,AH165,AH182,AH199,AH216,AH233,AH250,AH267,AH284,AH301,AH318,AH335,AH352,AH369,AH386,AH403,AH420,AH437,AH454,AH471,AH488,AH505) -> 32 | AI8: =SUM(AI12,AI29,AI46,AI63,AI80,AI97,AI114,AI131,AI148,AI165,AI182,AI199,AI216,AI233,AI250,AI267,AI284,AI301,AI318,AI335,AI352,AI369,AI386,AI403,AI420,AI437,AI454,AI471,AI488,AI505) -> 48 | AK8: =SUM(AK12,AK29,AK46,AK63,AK80,AK97,AK114,AK131,AK148,AK165,AK182,AK199,AK216,AK233,AK250,AK267,AK284,AK301,AK318,AK335,AK352,AK369,AK386,AK403,AK420,AK437,AK454,AK471,AK488,AK505) -> 81 | AL8: =SUM(AL12,AL29,AL46,AL63,AL80,AL97,AL114,AL131,AL148,AL165,AL182,AL199,AL216,AL233,AL250,AL267,AL284,AL301,AL318,AL335,AL352,AL369,AL386,AL403,AL420,AL437,AL454,AL471,AL488,AL505) -> 70 | AM8: =SUM(AM12,AM29,AM46,AM63,AM80,AM97,AM114,AM131,AM148,AM165,AM182,AM199,AM216,AM233,AM250,AM267,AM284,AM301,AM318,AM335,AM352,AM369,AM386,AM403,AM420,AM437,AM454,AM471,AM488,AM505) -> 0 | AV8: =SUM(AV12,AV29,AV46,AV63,AV80,AV97,AV114,AV131,AV148,AV165,AV182,AV199,AV216,AV233,AV250,AV267,AV284,AV301,AV318,AV335,AV352,AV369,AV386,AV403,AV420,AV437,AV454,AV471,AV488,AV505) -> 95974.5 | AW8: = | AX8: =SUM(AX12,AX29,AX46,AX63,AX80,AX97,AX114,AX131,AX148,AX165,AX182,AX199,AX216,AX233,AX250,AX267,AX284,AX301,AX318,AX335,AX352,AX369,AX386,AX403,AX420,AX437,AX454,AX471,AX488,AX505) -> 1726204.5 | AZ8: =SUM(AZ12,AZ29,AZ46,AZ63,AZ80,AZ97,AZ114,AZ131,AZ148,AZ165,AZ182,AZ199,AZ216,AZ233,AZ250,AZ267,AZ284,AZ301,AZ318,AZ335,AZ352,AZ369,AZ386,AZ403,AZ420,AZ437,AZ454,AZ471,AZ488,AZ505) -> 1449038.5 | BA8: + | BB8: =SUM(BB12,BB29,BB46,BB63,BB80,BB97,BB114,BB131,BB148,BB165,BB182,BB199,BB216,BB233,BB250,BB267,BB284,BB301,BB318,BB335,BB352,BB369,BB386,BB403,BB420,BB437,BB454,BB471,BB488,BB505) -> 85307.439 | BC8: = | BD8: =SUM(BD12,BD29,BD46,BD63,BD80,BD97,BD114,BD131,BD148,BD165,BD182,BD199,BD216,BD233,BD250,BD267,BD284,BD301,BD318,BD335,BD352,BD369,BD386,BD403,BD420,BD437,BD454,BD471,BD488,BD505) -> 1534345.9
B10: Pos | C10: Bezeichnung | G10: Bemerkung | H10: Stück | I10: Pl | J10: MK | K10: EKo | L10: Sw | M10: Inb | N10: El | O10: Mo | P10: TF netto | Q10: KT netto | R10: TF | S10: KT | U10: Summe | W10: Pl | X10: MKo | Y10: EKo | Z10: Inb | AA10: El | AB10: Mo | AD10: Pl | AE10: MKo | AF10: EKo | AG10: Inb | AH10: El | AI10: Mo | AK10: Auslöse | AL10: Hotel | AM10: Anfahrt-km | AN10: Flugkosten | AO10: Taxi | AP10: Leihauto | AQ10: Bus/Zug... | AR10: Sonstiges | AT10: Zuschläge | AV10: IBN | AX10: Angebot | AZ10: Summe % | BB10: IBN % | BD10: Angebot %
B12: 1 | C12: Cutting Cable | H12: 1 | I12: =$H12*SUM(I13:I27) -> 0 | J12: =$H12*SUM(J13:J27) -> 286 | K12: =$H12*SUM(K13:K27) -> 76 | L12: =$H12*SUM(L13:L27) -> 108 | M12: =$H12*SUM(M13:M27) -> 130 | N12: =$H12*SUM(N13:N27) -> 67 | O12: =$H12*SUM(O13:O27) -> 160 | P12: =$H12*SUM(P13:P27) -> 11900 | Q12: =$H12*SUM(Q13:Q27) -> 53000 | R12: =P12*(1+Gewinn)*(1+SicherheitAngebot) -> 11900 | S12: =Q12*(1+MGKZ)*(1+Gewinn)*(1+SicherheitAngebot) -> 58300 | U12: =I12*$I$7+J12*$J$7+K12*$K$7+L12*$L$7+M12*$M$7+N12*$N$7+O12*$O$7+R12+S12 -> 149396 | W12: =$H12*SUM(W13:W27) -> 0 | X12: =$H12*SUM(X13:X27) -> 0 | Y12: =$H12*SUM(Y13:Y27) -> 0 | Z12: =$H12*SUM(Z13:Z27) -> 0 | AA12: =$H12*SUM(AA13:AA27) -> 0 | AB12: =$H12*SUM(AB13:AB27) -> 0 | AD12: =$H12*SUM(AD13:AD27) -> 0 | AE12: =$H12*SUM(AE13:AE27) -> 0 | AF12: =$H12*SUM(AF13:AF27) -> 0 | AG12: =$H12*SUM(AG13:AG27) -> 0 | AH12: =$H12*SUM(AH13:AH27) -> 0 | AI12: =$H12*SUM(AI13:AI27) -> 0 | AK12: =$H12*SUM(AK13:AK27) -> 0 | AL12: =$H12*SUM(AL13:AL27) -> 0 | AM12: =$H12*SUM(AM13:AM27) -> 0 | AN12: =$H12*SUM(AN13:AN27)*(1+Gewinn)*(1+SicherheitAngebot) -> 0 | AO12: =$H12*SUM(AO13:AO27)*(1+Gewinn)*(1+SicherheitAngebot) -> 0 | AP12: =$H12*SUM(AP13:AP27)*(1+Gewinn)*(1+SicherheitAngebot) -> 0 | AQ12: =$H12*SUM(AQ13:AQ27)*(1+Gewinn)*(1+SicherheitAngebot) -> 0 | AR12: =$H12*SUM(AR13:AR27)*(1+Gewinn)*(1+SicherheitAngebot) -> 0 | AT12: =((W12+AD12)*$W$7+(X12+AE12)*$X$7+(Y12+Z12+AF12+AG12)*$Z$7+(AA12+AH12)*$AA$7+(AB12+AI12)*$AB$7)*Zuschläge_IBN -> 0 | AV12: =AK12*$AK$7+AL12*$AL$7+AM12*$AM$7+SUM(AN12:AR12)+AT12/Zuschläge_IBN+AT12 -> 0 | AX12: =U12+AV12 -> 149396 | AZ12: =IF(H12>0,U12/(1+SicherheitAngebot)*(1+Sicherheit),0) -> 132791.42 | BB12: =IF(H12>0,AV12/(1+SicherheitAngebot)*(1+Sicherheit),0) -> 0 | BD12: =AZ12+BB12 -> 132791.42
C13: Cable supply on Coil | G13: Zukaufteil + Softwareschnittstelle (Kabelabwickler RAMA 800 / 18 Firma Metzner) | J13: 25 | K13: 15 | L13: 15 | M13: 20 | N13: 10 | O13: 20 | P13: 200 | Q13: 35000 | R13: =P13*(1+Gewinn)*(1+SicherheitAngebot) -> 200 | S13: =Q13*(1+MGKZ)*(1+Gewinn)*(1+SicherheitAngebot) -> 38500 | U13: =I13*$I$7+J13*$J$7+K13*$K$7+L13*$L$7+M13*$M$7+N13*$N$7+O13*$O$7+R13+S13 -> 48715 | AT13: =((W13+AD13)*$W$7+(X13+AE13)*$X$7+(Y13+Z13+AF13+AG13)*$Z$7+(AA13+AH13)*$AA$7+(AB13+AI13)*$AB$7)*Zuschläge_IBN -> 0 | AV13: =AK13*$AK$7+AL13*$AL$7+AM13*$AM$7+SUM(AN13:AR13)*(1+Gewinn)*(1+SicherheitAngebot)+AT13/Zuschläge_IBN+AT13 -> 0 | AX13: =U13+AV13 -> 48715 | AZ13: =U13/(1+SicherheitAngebot)*(1+Sicherheit) -> 43300.584 | BB13: =AV13/(1+SicherheitAngebot)*(1+Sicherheit) -> 0 | BD13: =AZ13+BB13 -> 43300.584
C14: Cutting Unit | J14: 100 | K14: 30 | L14: 30 | M14: 40 | N14: 20 | O14: 50 | P14: 2500 | Q14: 5000 | R14: =P14*(1+Gewinn)*(1+SicherheitAngebot) -> 2500 | S14: =Q14*(1+MGKZ)*(1+Gewinn)*(1+SicherheitAngebot) -> 5500 | U14: =I14*$I$7+J14*$J$7+K14*$K$7+L14*$L$7+M14*$M$7+N14*$N$7+O14*$O$7+R14+S14 -> 33850 | AT14: =((W14+AD14)*$W$7+(X14+AE14)*$X$7+(Y14+Z14+AF14+AG14)*$Z$7+(AA14+AH14)*$AA$7+(AB14+AI14)*$AB$7)*Zuschläge_IBN -> 0 | AV14: =AK14*$AK$7+AL14*$AL$7+AM14*$AM$7+SUM(AN14:AR14)*(1+Gewinn)*(1+SicherheitAngebot)+AT14/Zuschläge_IBN+AT14 -> 0 | AX14: =U14+AV14 -> 33850 | AZ14: =U14/(1+SicherheitAngebot)*(1+Sicherheit) -> 30087.75 | BB14: =AV14/(1+SicherheitAngebot)*(1+Sicherheit) -> 0 | BD14: =AZ14+BB14 -> 30087.75
C15: Handover Unit | G15: 1 Greifer + 1 Pneumatische Bewegungen | J15: 50 | K15: 5 | L15: 10 | M15: 10 | N15: 5 | O15: 10 | P15: 1000 | Q15: 2000 | R15: =P15*(1+Gewinn)*(1+SicherheitAngebot) -> 1000 | S15: =Q15*(1+MGKZ)*(1+Gewinn)*(1+SicherheitAngebot) -> 2200 | U15: =I15*$I$7+J15*$J$7+K15*$K$7+L15*$L$7+M15*$M$7+N15*$N$7+O15*$O$7+R15+S15 -> 11990 | AT15: =((W15+AD15)*$W$7+(X15+AE15)*$X$7+(Y15+Z15+AF15+AG15)*$Z$7+(AA15+AH15)*$AA$7+(AB15+AI15)*$AB$7)*Zuschläge_IBN -> 0 | AV15: =AK15*$AK$7+AL15*$AL$7+AM15*$AM$7+SUM(AN15:AR15)*(1+Gewinn)*(1+SicherheitAngebot)+AT15/Zuschläge_IBN+AT15 -> 0 | AX15: =U15+AV15 -> 11990 | AZ15: =U15/(1+SicherheitAngebot)*(1+Sicherheit) -> 10657.374 | BB15: =AV15/(1+SicherheitAngebot)*(1+Sicherheit) -> 0 | BD15: =AZ15+BB15 -> 10657.374
C16: Handling Cable in WPC | G16: 1x Greifer +1x pneumatischer Z-Hub + 1x pneumatische y-Achse | J16: 60 | K16: 20 | L16: 50 | M16: 50 | N16: 15 | O16: 40 | P16: 2000 | Q16: 4000 | R16: =P16*(1+Gewinn)*(1+SicherheitAngebot) -> 2000 | S16: =Q16*(1+MGKZ)*(1+Gewinn)*(1+SicherheitAngebot) -> 4400 | U16: =I16*$I$7+J16*$J$7+K16*$K$7+L16*$L$7+M16*$M$7+N16*$N$7+O16*$O$7+R16+S16 -> 29250 | AT16: =((W16+AD16)*$W$7+(X16+AE16)*$X$7+(Y16+Z16+AF16+AG16)*$Z$7+(AA16+AH16)*$AA$7+(AB16+AI16)*$AB$7)*Zuschläge_IBN -> 0 | AV16: =AK16*$AK$7+AL16*$AL$7+AM16*$AM$7+SUM(AN16:AR16)*(1+Gewinn)*(1+SicherheitAngebot)+AT16/Zuschläge_IBN+AT16 -> 0 | AX16: =U16+AV16 -> 29250 | AZ16: =U16/(1+SicherheitAngebot)*(1+Sicherheit) -> 25999.016 | BB16: =AV16/(1+SicherheitAngebot)*(1+Sicherheit) -> 0 | BD16: =AZ16+BB16 -> 25999.016
C17: Base Frame | J17: 40 | K17: 0 | L17: 0 | M17: 0 | N17: 10 | O17: 25 | P17: 6000 | Q17: 500 | R17: =P17*(1+Gewinn)*(1+SicherheitAngebot) -> 6000 | S17: =Q17*(1+MGKZ)*(1+Gewinn)*(1+SicherheitAngebot) -> 550 | U17: =I17*$I$7+J17*$J$7+K17*$K$7+L17*$L$7+M17*$M$7+N17*$N$7+O17*$O$7+R17+S17 -> 13420 | AT17: =((W17+AD17)*$W$7+(X17+AE17)*$X$7+(Y17+Z17+AF17+AG17)*$Z$7+(AA17+AH17)*$AA$7+(AB17+AI17)*$AB$7)*Zuschläge_IBN -> 0 | AV17: =AK17*$AK$7+AL17*$AL$7+AM17*$AM$7+SUM(AN17:AR17)*(1+Gewinn)*(1+SicherheitAngebot)+AT17/Zuschläge_IBN+AT17 -> 0 | AX17: =U17+AV17 -> 13420 | AZ17: =U17/(1+SicherheitAngebot)*(1+Sicherheit) -> 11928.438 | BB17: =AV17/(1+SicherheitAngebot)*(1+Sicherheit) -> 0 | BD17: =AZ17+BB17 -> 11928.438
C18: suction unit | G18: Für Cutting und 2x Abisolieren | J18: 10 | K18: 5 | L18: 2 | M18: 5 | N18: 5 | O18: 10 | Q18: 6000 | R18: =P18*(1+Gewinn)*(1+SicherheitAngebot) -> 0 | S18: =Q18*(1+MGKZ)*(1+Gewinn)*(1+SicherheitAngebot) -> 6600 | U18: =I18*$I$7+J18*$J$7+K18*$K$7+L18*$L$7+M18*$M$7+N18*$N$7+O18*$O$7+R18+S18 -> 10025 | AT18: =((W18+AD18)*$W$7+(X18+AE18)*$X$7+(Y18+Z18+AF18+AG18)*$Z$7+(AA18+AH18)*$AA$7+(AB18+AI18)*$AB$7)*Zuschläge_IBN -> 0 | AV18: =AK18*$AK$7+AL18*$AL$7+AM18*$AM$7+SUM(AN18:AR18)*(1+Gewinn)*(1+SicherheitAngebot)+AT18/Zuschläge_IBN+AT18 -> 0 | AX18: =U18+AV18 -> 10025 | AZ18: =U18/(1+SicherheitAngebot)*(1+Sicherheit) -> 8910.7739 | BB18: =AV18/(1+SicherheitAngebot)*(1+Sicherheit) -> 0 | BD18: =AZ18+BB18 -> 8910.7739
R19: =P19*(1+Gewinn)*(1+SicherheitAngebot) -> 0 | S19: =Q19*(1+MGKZ)*(1+Gewinn)*(1+SicherheitAngebot) -> 0 | U19: =I19*$I$7+J19*$J$7+K19*$K$7+L19*$L$7+M19*$M$7+N19*$N$7+O19*$O$7+R19+S19 -> 0 | AT19: =((W19+AD19)*$W$7+(X19+AE19)*$X$7+(Y19+Z19+AF19+AG19)*$Z$7+(AA19+AH19)*$AA$7+(AB19+AI19)*$AB$7)*Zuschläge_IBN -> 0 | AV19: =AK19*$AK$7+AL19*$AL$7+AM19*$AM$7+SUM(AN19:AR19)*(1+Gewinn)*(1+SicherheitAngebot)+AT19/Zuschläge_IBN+AT19 -> 0 | AX19: =U19+AV19 -> 0 | AZ19: =U19/(1+SicherheitAngebot)*(1+Sicherheit) -> 0 | BB19: =AV19/(1+SicherheitAngebot)*(1+Sicherheit) -> 0 | BD19: =AZ19+BB19 -> 0
R20: =P20*(1+Gewinn)*(1+SicherheitAngebot) -> 0 | S20: =Q20*(1+MGKZ)*(1+Gewinn)*(1+SicherheitAngebot) -> 0 | U20: =I20*$I$7+J20*$J$7+K20*$K$7+L20*$L$7+M20*$M$7+N20*$N$7+O20*$O$7+R20+S20 -> 0 | AT20: =((W20+AD20)*$W$7+(X20+AE20)*$X$7+(Y20+Z20+AF20+AG20)*$Z$7+(AA20+AH20)*$AA$7+(AB20+AI20)*$AB$7)*Zuschläge_IBN -> 0 | AV20: =AK20*$AK$7+AL20*$AL$7+AM20*$AM$7+SUM(AN20:AR20)*(1+Gewinn)*(1+SicherheitAngebot)+AT20/Zuschläge_IBN+AT20 -> 0 | AX20: =U20+AV20 -> 0 | AZ20: =U20/(1+SicherheitAngebot)*(1+Sicherheit) -> 0 | BB20: =AV20/(1+SicherheitAngebot)*(1+Sicherheit) -> 0 | BD20: =AZ20+BB20 -> 0
R21: =P21*(1+Gewinn)*(1+SicherheitAngebot) -> 0 | S21: =Q21*(1+MGKZ)*(1+Gewinn)*(1+SicherheitAngebot) -> 0 | U21: =I21*$I$7+J21*$J$7+K21*$K$7+L21*$L$7+M21*$M$7+N21*$N$7+O21*$O$7+R21+S21 -> 0 | AT21: =((W21+AD21)*$W$7+(X21+AE21)*$X$7+(Y21+Z21+AF21+AG21)*$Z$7+(AA21+AH21)*$AA$7+(AB21+AI21)*$AB$7)*Zuschläge_IBN -> 0 | AV21: =AK21*$AK$7+AL21*$AL$7+AM21*$AM$7+SUM(AN21:AR21)*(1+Gewinn)*(1+SicherheitAngebot)+AT21/Zuschläge_IBN+AT21 -> 0 | AX21: =U21+AV21 -> 0 | AZ21: =U21/(1+SicherheitAngebot)*(1+Sicherheit) -> 0 | BB21: =AV21/(1+SicherheitAngebot)*(1+Sicherheit) -> 0 | BD21: =AZ21+BB21 -> 0
R22: =P22*(1+Gewinn)*(1+SicherheitAngebot) -> 0 | S22: =Q22*(1+MGKZ)*(1+Gewinn)*(1+SicherheitAngebot) -> 0 | U22: =I22*$I$7+J22*$J$7+K22*$K$7+L22*$L$7+M22*$M$7+N22*$N$7+O22*$O$7+R22+S22 -> 0 | AT22: =((W22+AD22)*$W$7+(X22+AE22)*$X$7+(Y22+Z22+AF22+AG22)*$Z$7+(AA22+AH22)*$AA$7+(AB22+AI22)*$AB$7)*Zuschläge_IBN -> 0 | AV22: =AK22*$AK$7+AL22*$AL$7+AM22*$AM$7+SUM(AN22:AR22)*(1+Gewinn)*(1+SicherheitAngebot)+AT22/Zuschläge_IBN+AT22 -> 0 | AX22: =U22+AV22 -> 0 | AZ22: =U22/(1+SicherheitAngebot)*(1+Sicherheit) -> 0 | BB22: =AV22/(1+SicherheitAngebot)*(1+Sicherheit) -> 0 | BD22: =AZ22+BB22 -> 0
R23: =P23*(1+Gewinn)*(1+SicherheitAngebot) -> 0 | S23: =Q23*(1+MGKZ)*(1+Gewinn)*(1+SicherheitAngebot) -> 0 | U23: =I23*$I$7+J23*$J$7+K23*$K$7+L23*$L$7+M23*$M$7+N23*$N$7+O23*$O$7+R23+S23 -> 0 | AT23: =((W23+AD23)*$W$7+(X23+AE23)*$X$7+(Y23+Z23+AF23+AG23)*$Z$7+(AA23+AH23)*$AA$7+(AB23+AI23)*$AB$7)*Zuschläge_IBN -> 0 | AV23: =AK23*$AK$7+AL23*$AL$7+AM23*$AM$7+SUM(AN23:AR23)*(1+Gewinn)*(1+SicherheitAngebot)+AT23/Zuschläge_IBN+AT23 -> 0 | AX23: =U23+AV23 -> 0 | AZ23: =U23/(1+SicherheitAngebot)*(1+Sicherheit) -> 0 | BB23: =AV23/(1+SicherheitAngebot)*(1+Sicherheit) -> 0 | BD23: =AZ23+BB23 -> 0
R24: =P24*(1+Gewinn)*(1+SicherheitAngebot) -> 0 | S24: =Q24*(1+MGKZ)*(1+Gewinn)*(1+SicherheitAngebot) -> 0 | U24: =I24*$I$7+J24*$J$7+K24*$K$7+L24*$L$7+M24*$M$7+N24*$N$7+O24*$O$7+R24+S24 -> 0 | AT24: =((W24+AD24)*$W$7+(X24+AE24)*$X$7+(Y24+Z24+AF24+AG24)*$Z$7+(AA24+AH24)*$AA$7+(AB24+AI24)*$AB$7)*Zuschläge_IBN -> 0 | AV24: =AK24*$AK$7+AL24*$AL$7+AM24*$AM$7+SUM(AN24:AR24)*(1+Gewinn)*(1+SicherheitAngebot)+AT24/Zuschläge_IBN+AT24 -> 0 | AX24: =U24+AV24 -> 0 | AZ24: =U24/(1+SicherheitAngebot)*(1+Sicherheit) -> 0 | BB24: =AV24/(1+SicherheitAngebot)*(1+Sicherheit) -> 0 | BD24: =AZ24+BB24 -> 0
R25: =P25*(1+Gewinn)*(1+SicherheitAngebot) -> 0 | S25: =Q25*(1+MGKZ)*(1+Gewinn)*(1+SicherheitAngebot) -> 0 | U25: =I25*$I$7+J25*$J$7+K25*$K$7+L25*$L$7+M25*$M$7+N25*$N$7+O25*$O$7+R25+S25 -> 0 | AT25: =((W25+AD25)*$W$7+(X25+AE25)*$X$7+(Y25+Z25+AF25+AG25)*$Z$7+(AA25+AH25)*$AA$7+(AB25+AI25)*$AB$7)*Zuschläge_IBN -> 0 | AV25: =AK25*$AK$7+AL25*$AL$7+AM25*$AM$7+SUM(AN25:AR25)*(1+Gewinn)*(1+SicherheitAngebot)+AT25/Zuschläge_IBN+AT25 -> 0 | AX25: =U25+AV25 -> 0 | AZ25: =U25/(1+SicherheitAngebot)*(1+Sicherheit) -> 0 | BB25: =AV25/(1+SicherheitAngebot)*(1+Sicherheit) -> 0 | BD25: =AZ25+BB25 -> 0
R26: =P26*(1+Gewinn)*(1+SicherheitAngebot) -> 0 | S26: =Q26*(1+MGKZ)*(1+Gewinn)*(1+SicherheitAngebot) -> 0 | U26: =I26*$I$7+J26*$J$7+K26*$K$7+L26*$L$7+M26*$M$7+N26*$N$7+O26*$O$7+R26+S26 -> 0 | AT26: =((W26+AD26)*$W$7+(X26+AE26)*$X$7+(Y26+Z26+AF26+AG26)*$Z$7+(AA26+AH26)*$AA$7+(AB26+AI26)*$AB$7)*Zuschläge_IBN -> 0 | AV26: =AK26*$AK$7+AL26*$AL$7+AM26*$AM$7+SUM(AN26:AR26)*(1+Gewinn)*(1+SicherheitAngebot)+AT26/Zuschläge_IBN+AT26 -> 0 | AX26: =U26+AV26 -> 0 | AZ26: =U26/(1+SicherheitAngebot)*(1+Sicherheit) -> 0 | BB26: =AV26/(1+SicherheitAngebot)*(1+Sicherheit) -> 0 | BD26: =AZ26+BB26 -> 0
C27: Opener Unit WPC | G27: 2 Pneumatikzylinder (Stopperzylinder) | J27: 1 | K27: 1 | L27: 1 | M27: 5 | N27: 2 | O27: 5 | P27: 200 | Q27: 500 | R27: =P27*(1+Gewinn)*(1+SicherheitAngebot) -> 200 | S27: =Q27*(1+MGKZ)*(1+Gewinn)*(1+SicherheitAngebot) -> 550 | U27: =I27*$I$7+J27*$J$7+K27*$K$7+L27*$L$7+M27*$M$7+N27*$N$7+O27*$O$7+R27+S27 -> 2146 | AT27: =((W27+AD27)*$W$7+(X27+AE27)*$X$7+(Y27+Z27+AF27+AG27)*$Z$7+(AA27+AH27)*$AA$7+(AB27+AI27)*$AB$7)*Zuschläge_IBN -> 0 | AV27: =AK27*$AK$7+AL27*$AL$7+AM27*$AM$7+SUM(AN27:AR27)*(1+Gewinn)*(1+SicherheitAngebot)+AT27/Zuschläge_IBN+AT27 -> 0 | AX27: =U27+AV27 -> 2146 | AZ27: =U27/(1+SicherheitAngebot)*(1+Sicherheit) -> 1907.4834 | BB27: =AV27/(1+SicherheitAngebot)*(1+Sicherheit) -> 0 | BD27: =AZ27+BB27 -> 1907.4834
B29: =B12+1 -> 2 | C29: Removing Isolationpart for Terminal 1 | H29: 1 | I29: =$H29*SUM(I30:I44) -> 0 | J29: =$H29*SUM(J30:J44) -> 81 | K29: =$H29*SUM(K30:K44) -> 26 | L29: =$H29*SUM(L30:L44) -> 41 | M29: =$H29*SUM(M30:M44) -> 70 | N29: =$H29*SUM(N30:N44) -> 25 | O29: =$H29*SUM(O30:O44) -> 60 | P29: =$H29*SUM(P30:P44) -> 3600 | Q29: =$H29*SUM(Q30:Q44) -> 7300 | R29: =P29*(1+Gewinn)*(1+SicherheitAngebot) -> 3600 | S29: =Q29*(1+MGKZ)*(1+Gewinn)*(1+SicherheitAngebot) -> 8030 | U29: =I29*$I$7+J29*$J$7+K29*$K$7+L29*$L$7+M29*$M$7+N29*$N$7+O29*$O$7+R29+S29 -> 40747 | W29: =$H29*SUM(W30:W44) -> 0 | X29: =$H29*SUM(X30:X44) -> 0 | Y29: =$H29*SUM(Y30:Y44) -> 0 | Z29: =$H29*SUM(Z30:Z44) -> 0 | AA29: =$H29*SUM(AA30:AA44) -> 0 | AB29: =$H29*SUM(AB30:AB44) -> 0 | AD29: =$H29*SUM(AD30:AD44) -> 0 | AE29: =$H29*SUM(AE30:AE44) -> 0 | AF29: =$H29*SUM(AF30:AF44) -> 0 | AG29: =$H29*SUM(AG30:AG44) -> 0 | AH29: =$H29*SUM(AH30:AH44) -> 0 | AI29: =$H29*SUM(AI30:AI44) -> 0 | AK29: =$H29*SUM(AK30:AK44) -> 0 | AL29: =$H29*SUM(AL30:AL44) -> 0 | AM29: =$H29*SUM(AM30:AM44) -> 0 | AN29: =$H29*SUM(AN30:AN44)*(1+Gewinn)*(1+SicherheitAngebot) -> 0 | AO29: =$H29*SUM(AO30:AO44)*(1+Gewinn)*(1+SicherheitAngebot) -> 0 | AP29: =$H29*SUM(AP30:AP44)*(1+Gewinn)*(1+SicherheitAngebot) -> 0 | AQ29: =$H29*SUM(AQ30:AQ44)*(1+Gewinn)*(1+SicherheitAngebot) -> 0 | AR29: =$H29*SUM(AR30:AR44)*(1+Gewinn)*(1+SicherheitAngebot) -> 0 | AT29: =((W29+AD29)*$W$7+(X29+AE29)*$X$7+(Y29+Z29+AF29+AG29)*$Z$7+(AA29+AH29)*$AA$7+(AB29+AI29)*$AB$7)*Zuschläge_IBN -> 0 | AV29: =AK29*$AK$7+AL29*$AL$7+AM29*$AM$7+SUM(AN29:AR29)+AT29/Zuschläge_IBN+AT29 -> 0 | AX29: =U29+AV29 -> 40747 | AZ29: =IF(H29>0,U29/(1+SicherheitAngebot)*(1+Sicherheit),0) -> 36218.185 | BB29: =IF(H29>0,AV29/(1+SicherheitAngebot)*(1+Sicherheit),0) -> 0 | BD29: =AZ29+BB29 -> 36218.185
C30: Holder for Cable | G30: 1x Pneumatik Greifer + 1x pneumatischer Z-Hub | J30: 20 | K30: 5 | L30: 15 | M30: 15 | N30: 5 | O30: 20 | P30: 600 | Q30: 2000 | R30: =P30*(1+Gewinn)*(1+SicherheitAngebot) -> 600 | S30: =Q30*(1+MGKZ)*(1+Gewinn)*(1+SicherheitAngebot) -> 2200 | U30: =I30*$I$7+J30*$J$7+K30*$K$7+L30*$L$7+M30*$M$7+N30*$N$7+O30*$O$7+R30+S30 -> 10460 | AT30: =((W30+AD30)*$W$7+(X30+AE30)*$X$7+(Y30+Z30+AF30+AG30)*$Z$7+(AA30+AH30)*$AA$7+(AB30+AI30)*$AB$7)*Zuschläge_IBN -> 0 | AV30: =AK30*$AK$7+AL30*$AL$7+AM30*$AM$7+SUM(AN30:AR30)*(1+Gewinn)*(1+SicherheitAngebot)+AT30/Zuschläge_IBN+AT30 -> 0 | AX30: =U30+AV30 -> 10460 | AZ30: =U30/(1+SicherheitAngebot)*(1+Sicherheit) -> 9297.426 | BB30: =AV30/(1+SicherheitAngebot)*(1+Sicherheit) -> 0 | BD30: =AZ30+BB30 -> 9297.426
C31: Cutting and Pull Unit for Isolation Part (pneumatic) | G31: 1x elektrischer Greifer + 1x pneumatische Dreheinheit + 1x pneumatischer Y-Hub | J31: 60 | K31: 20 | L31: 25 | M31: 40 | N31: 15 | O31: 30 | P31: 1500 | Q31: 2800 | R31: =P31*(1+Gewinn)*(1+SicherheitAngebot) -> 1500 | S31: =Q31*(1+MGKZ)*(1+Gewinn)*(1+SicherheitAngebot) -> 3080 | U31: =I31*$I$7+J31*$J$7+K31*$K$7+L31*$L$7+M31*$M$7+N31*$N$7+O31*$O$7+R31+S31 -> 22935 | AT31: =((W31+AD31)*$W$7+(X31+AE31)*$X$7+(Y31+Z31+AF31+AG31)*$Z$7+(AA31+AH31)*$AA$7+(AB31+AI31)*$AB$7)*Zuschläge_IBN -> 0 | AV31: =AK31*$AK$7+AL31*$AL$7+AM31*$AM$7+SUM(AN31:AR31)*(1+Gewinn)*(1+SicherheitAngebot)+AT31/Zuschläge_IBN+AT31 -> 0 | AX31: =U31+AV31 -> 22935 | AZ31: =U31/(1+SicherheitAngebot)*(1+Sicherheit) -> 20385.895 | BB31: =AV31/(1+SicherheitAngebot)*(1+Sicherheit) -> 0 | BD31: =AZ31+BB31 -> 20385.895
R32: =P32*(1+Gewinn)*(1+SicherheitAngebot) -> 0 | S32: =Q32*(1+MGKZ)*(1+Gewinn)*(1+SicherheitAngebot) -> 0 | U32: =I32*$I$7+J32*$J$7+K32*$K$7+L32*$L$7+M32*$M$7+N32*$N$7+O32*$O$7+R32+S32 -> 0 | AT32: =((W32+AD32)*$W$7+(X32+AE32)*$X$7+(Y32+Z32+AF32+AG32)*$Z$7+(AA32+AH32)*$AA$7+(AB32+AI32)*$AB$7)*Zuschläge_IBN -> 0 | AV32: =AK32*$AK$7+AL32*$AL$7+AM32*$AM$7+SUM(AN32:AR32)*(1+Gewinn)*(1+SicherheitAngebot)+AT32/Zuschläge_IBN+AT32 -> 0 | AX32: =U32+AV32 -> 0 | AZ32: =U32/(1+SicherheitAngebot)*(1+Sicherheit) -> 0 | BB32: =AV32/(1+SicherheitAngebot)*(1+Sicherheit) -> 0 | BD32: =AZ32+BB32 -> 0
R33: =P33*(1+Gewinn)*(1+SicherheitAngebot) -> 0 | S33: =Q33*(1+MGKZ)*(1+Gewinn)*(1+SicherheitAngebot) -> 0 | U33: =I33*$I$7+J33*$J$7+K33*$K$7+L33*$L$7+M33*$M$7+N33*$N$7+O33*$O$7+R33+S33 -> 0 | AT33: =((W33+AD33)*$W$7+(X33+AE33)*$X$7+(Y33+Z33+AF33+AG33)*$Z$7+(AA33+AH33)*$AA$7+(AB33+AI33)*$AB$7)*Zuschläge_IBN -> 0 | AV33: =AK33*$AK$7+AL33*$AL$7+AM33*$AM$7+SUM(AN33:AR33)*(1+Gewinn)*(1+SicherheitAngebot)+AT33/Zuschläge_IBN+AT33 -> 0 | AX33: =U33+AV33 -> 0 | AZ33: =U33/(1+SicherheitAngebot)*(1+Sicherheit) -> 0 | BB33: =AV33/(1+SicherheitAngebot)*(1+Sicherheit) -> 0 | BD33: =AZ33+BB33 -> 0
R34: =P34*(1+Gewinn)*(1+SicherheitAngebot) -> 0 | S34: =Q34*(1+MGKZ)*(1+Gewinn)*(1+SicherheitAngebot) -> 0 | U34: =I34*$I$7+J34*$J$7+K34*$K$7+L34*$L$7+M34*$M$7+N34*$N$7+O34*$O$7+R34+S34 -> 0 | AT34: =((W34+AD34)*$W$7+(X34+AE34)*$X$7+(Y34+Z34+AF34+AG34)*$Z$7+(AA34+AH34)*$AA$7+(AB34+AI34)*$AB$7)*Zuschläge_IBN -> 0 | AV34: =AK34*$AK$7+AL34*$AL$7+AM34*$AM$7+SUM(AN34:AR34)*(1+Gewinn)*(1+SicherheitAngebot)+AT34/Zuschläge_IBN+AT34 -> 0 | AX34: =U34+AV34 -> 0 | AZ34: =U34/(1+SicherheitAngebot)*(1+Sicherheit) -> 0 | BB34: =AV34/(1+SicherheitAngebot)*(1+Sicherheit) -> 0 | BD34: =AZ34+BB34 -> 0
R35: =P35*(1+Gewinn)*(1+SicherheitAngebot) -> 0 | S35: =Q35*(1+MGKZ)*(1+Gewinn)*(1+SicherheitAngebot) -> 0 | U35: =I35*$I$7+J35*$J$7+K35*$K$7+L35*$L$7+M35*$M$7+N35*$N$7+O35*$O$7+R35+S35 -> 0 | AT35: =((W35+AD35)*$W$7+(X35+AE35)*$X$7+(Y35+Z35+AF35+AG35)*$Z$7+(AA35+AH35)*$AA$7+(AB35+AI35)*$AB$7)*Zuschläge_IBN -> 0 | AV35: =AK35*$AK$7+AL35*$AL$7+AM35*$AM$7+SUM(AN35:AR35)*(1+Gewinn)*(1+SicherheitAngebot)+AT35/Zuschläge_IBN+AT35 -> 0 | AX35: =U35+AV35 -> 0 | AZ35: =U35/(1+SicherheitAngebot)*(1+Sicherheit) -> 0 | BB35: =AV35/(1+SicherheitAngebot)*(1+Sicherheit) -> 0 | BD35: =AZ35+BB35 -> 0
R36: =P36*(1+Gewinn)*(1+SicherheitAngebot) -> 0 | S36: =Q36*(1+MGKZ)*(1+Gewinn)*(1+SicherheitAngebot) -> 0 | U36: =I36*$I$7+J36*$J$7+K36*$K$7+L36*$L$7+M36*$M$7+N36*$N$7+O36*$O$7+R36+S36 -> 0 | AT36: =((W36+AD36)*$W$7+(X36+AE36)*$X$7+(Y36+Z36+AF36+AG36)*$Z$7+(AA36+AH36)*$AA$7+(AB36+AI36)*$AB$7)*Zuschläge_IBN -> 0 | AV36: =AK36*$AK$7+AL36*$AL$7+AM36*$AM$7+SUM(AN36:AR36)*(1+Gewinn)*(1+SicherheitAngebot)+AT36/Zuschläge_IBN+AT36 -> 0 | AX36: =U36+AV36 -> 0 | AZ36: =U36/(1+SicherheitAngebot)*(1+Sicherheit) -> 0 | BB36: =AV36/(1+SicherheitAngebot)*(1+Sicherheit) -> 0 | BD36: =AZ36+BB36 -> 0
R37: =P37*(1+Gewinn)*(1+SicherheitAngebot) -> 0 | S37: =Q37*(1+MGKZ)*(1+Gewinn)*(1+SicherheitAngebot) -> 0 | U37: =I37*$I$7+J37*$J$7+K37*$K$7+L37*$L$7+M37*$M$7+N37*$N$7+O37*$O$7+R37+S37 -> 0 | AT37: =((W37+AD37)*$W$7+(X37+AE37)*$X$7+(Y37+Z37+AF37+AG37)*$Z$7+(AA37+AH37)*$AA$7+(AB37+AI37)*$AB$7)*Zuschläge_IBN -> 0 | AV37: =AK37*$AK$7+AL37*$AL$7+AM37*$AM$7+SUM(AN37:AR37)*(1+Gewinn)*(1+SicherheitAngebot)+AT37/Zuschläge_IBN+AT37 -> 0 | AX37: =U37+AV37 -> 0 | AZ37: =U37/(1+SicherheitAngebot)*(1+Sicherheit) -> 0 | BB37: =AV37/(1+SicherheitAngebot)*(1+Sicherheit) -> 0 | BD37: =AZ37+BB37 -> 0
R38: =P38*(1+Gewinn)*(1+SicherheitAngebot) -> 0 | S38: =Q38*(1+MGKZ)*(1+Gewinn)*(1+SicherheitAngebot) -> 0 | U38: =I38*$I$7+J38*$J$7+K38*$K$7+L38*$L$7+M38*$M$7+N38*$N$7+O38*$O$7+R38+S38 -> 0 | AT38: =((W38+AD38)*$W$7+(X38+AE38)*$X$7+(Y38+Z38+AF38+AG38)*$Z$7+(AA38+AH38)*$AA$7+(AB38+AI38)*$AB$7)*Zuschläge_IBN -> 0 | AV38: =AK38*$AK$7+AL38*$AL$7+AM38*$AM$7+SUM(AN38:AR38)*(1+Gewinn)*(1+SicherheitAngebot)+AT38/Zuschläge_IBN+AT38 -> 0 | AX38: =U38+AV38 -> 0 | AZ38: =U38/(1+SicherheitAngebot)*(1+Sicherheit) -> 0 | BB38: =AV38/(1+SicherheitAngebot)*(1+Sicherheit) -> 0 | BD38: =AZ38+BB38 -> 0
R39: =P39*(1+Gewinn)*(1+SicherheitAngebot) -> 0 | S39: =Q39*(1+MGKZ)*(1+Gewinn)*(1+SicherheitAngebot) -> 0 | U39: =I39*$I$7+J39*$J$7+K39*$K$7+L39*$L$7+M39*$M$7+N39*$N$7+O39*$O$7+R39+S39 -> 0 | AT39: =((W39+AD39)*$W$7+(X39+AE39)*$X$7+(Y39+Z39+AF39+AG39)*$Z$7+(AA39+AH39)*$AA$7+(AB39+AI39)*$AB$7)*Zuschläge_IBN -> 0 | AV39: =AK39*$AK$7+AL39*$AL$7+AM39*$AM$7+SUM(AN39:AR39)*(1+Gewinn)*(1+SicherheitAngebot)+AT39/Zuschläge_IBN+AT39 -> 0 | AX39: =U39+AV39 -> 0 | AZ39: =U39/(1+SicherheitAngebot)*(1+Sicherheit) -> 0 | BB39: =AV39/(1+SicherheitAngebot)*(1+Sicherheit) -> 0 | BD39: =AZ39+BB39 -> 0
R40: =P40*(1+Gewinn)*(1+SicherheitAngebot) -> 0 | S40: =Q40*(1+MGKZ)*(1+Gewinn)*(1+SicherheitAngebot) -> 0 | U40: =I40*$I$7+J40*$J$7+K40*$K$7+L40*$L$7+M40*$M$7+N40*$N$7+O40*$O$7+R40+S40 -> 0 | AT40: =((W40+AD40)*$W$7+(X40+AE40)*$X$7+(Y40+Z40+AF40+AG40)*$Z$7+(AA40+AH40)*$AA$7+(AB40+AI40)*$AB$7)*Zuschläge_IBN -> 0 | AV40: =AK40*$AK$7+AL40*$AL$7+AM40*$AM$7+SUM(AN40:AR40)*(1+Gewinn)*(1+SicherheitAngebot)+AT40/Zuschläge_IBN+AT40 -> 0 | AX40: =U40+AV40 -> 0 | AZ40: =U40/(1+SicherheitAngebot)*(1+Sicherheit) -> 0 | BB40: =AV40/(1+SicherheitAngebot)*(1+Sicherheit) -> 0 | BD40: =AZ40+BB40 -> 0
R41: =P41*(1+Gewinn)*(1+SicherheitAngebot) -> 0 | S41: =Q41*(1+MGKZ)*(1+Gewinn)*(1+SicherheitAngebot) -> 0 | U41: =I41*$I$7+J41*$J$7+K41*$K$7+L41*$L$7+M41*$M$7+N41*$N$7+O41*$O$7+R41+S41 -> 0 | AT41: =((W41+AD41)*$W$7+(X41+AE41)*$X$7+(Y41+Z41+AF41+AG41)*$Z$7+(AA41+AH41)*$AA$7+(AB41+AI41)*$AB$7)*Zuschläge_IBN -> 0 | AV41: =AK41*$AK$7+AL41*$AL$7+AM41*$AM$7+SUM(AN41:AR41)*(1+Gewinn)*(1+SicherheitAngebot)+AT41/Zuschläge_IBN+AT41 -> 0 | AX41: =U41+AV41 -> 0 | AZ41: =U41/(1+SicherheitAngebot)*(1+Sicherheit) -> 0 | BB41: =AV41/(1+SicherheitAngebot)*(1+Sicherheit) -> 0 | BD41: =AZ41+BB41 -> 0
R42: =P42*(1+Gewinn)*(1+SicherheitAngebot) -> 0 | S42: =Q42*(1+MGKZ)*(1+Gewinn)*(1+SicherheitAngebot) -> 0 | U42: =I42*$I$7+J42*$J$7+K42*$K$7+L42*$L$7+M42*$M$7+N42*$N$7+O42*$O$7+R42+S42 -> 0 | AT42: =((W42+AD42)*$W$7+(X42+AE42)*$X$7+(Y42+Z42+AF42+AG42)*$Z$7+(AA42+AH42)*$AA$7+(AB42+AI42)*$AB$7)*Zuschläge_IBN -> 0 | AV42: =AK42*$AK$7+AL42*$AL$7+AM42*$AM$7+SUM(AN42:AR42)*(1+Gewinn)*(1+SicherheitAngebot)+AT42/Zuschläge_IBN+AT42 -> 0 | AX42: =U42+AV42 -> 0 | AZ42: =U42/(1+SicherheitAngebot)*(1+Sicherheit) -> 0 | BB42: =AV42/(1+SicherheitAngebot)*(1+Sicherheit) -> 0 | BD42: =AZ42+BB42 -> 0
R43: =P43*(1+Gewinn)*(1+SicherheitAngebot) -> 0 | S43: =Q43*(1+MGKZ)*(1+Gewinn)*(1+SicherheitAngebot) -> 0 | U43: =I43*$I$7+J43*$J$7+K43*$K$7+L43*$L$7+M43*$M$7+N43*$N$7+O43*$O$7+R43+S43 -> 0 | AT43: =((W43+AD43)*$W$7+(X43+AE43)*$X$7+(Y43+Z43+AF43+AG43)*$Z$7+(AA43+AH43)*$AA$7+(AB43+AI43)*$AB$7)*Zuschläge_IBN -> 0 | AV43: =AK43*$AK$7+AL43*$AL$7+AM43*$AM$7+SUM(AN43:AR43)*(1+Gewinn)*(1+SicherheitAngebot)+AT43/Zuschläge_IBN+AT43 -> 0 | AX43: =U43+AV43 -> 0 | AZ43: =U43/(1+SicherheitAngebot)*(1+Sicherheit) -> 0 | BB43: =AV43/(1+SicherheitAngebot)*(1+Sicherheit) -> 0 | BD43: =AZ43+BB43 -> 0
C44: Positioning unit for Cable | G44: elektrischer y-Hub | J44: 1 | K44: 1 | L44: 1 | M44: 15 | N44: 5 | O44: 10 | P44: 1500 | Q44: 2500 | R44: =P44*(1+Gewinn)*(1+SicherheitAngebot) -> 1500 | S44: =Q44*(1+MGKZ)*(1+Gewinn)*(1+SicherheitAngebot) -> 2750 | U44: =I44*$I$7+J44*$J$7+K44*$K$7+L44*$L$7+M44*$M$7+N44*$N$7+O44*$O$7+R44+S44 -> 7352 | AT44: =((W44+AD44)*$W$7+(X44+AE44)*$X$7+(Y44+Z44+AF44+AG44)*$Z$7+(AA44+AH44)*$AA$7+(AB44+AI44)*$AB$7)*Zuschläge_IBN -> 0 | AV44: =AK44*$AK$7+AL44*$AL$7+AM44*$AM$7+SUM(AN44:AR44)*(1+Gewinn)*(1+SicherheitAngebot)+AT44/Zuschläge_IBN+AT44 -> 0 | AX44: =U44+AV44 -> 7352 | AZ44: =U44/(1+SicherheitAngebot)*(1+Sicherheit) -> 6534.8638 | BB44: =AV44/(1+SicherheitAngebot)*(1+Sicherheit) -> 0 | BD44: =AZ44+BB44 -> 6534.8638
B46: =B29+1 -> 3 | C46: Feeding Terminal 1 and Crimping Terminal 1 | H46: 1 | I46: =$H46*SUM(I47:I61) -> 0 | J46: =$H46*SUM(J47:J61) -> 321 | K46: =$H46*SUM(K47:K61) -> 68 | L46: =$H46*SUM(L47:L61) -> 141 | M46: =$H46*SUM(M47:M61) -> 205 | N46: =$H46*SUM(N47:N61) -> 95 | O46: =$H46*SUM(O47:O61) -> 255 | P46: =$H46*SUM(P47:P61) -> 19000 | Q46: =$H46*SUM(Q47:Q61) -> 69300 | R46: =P46*(1+Gewinn)*(1+SicherheitAngebot) -> 19000 | S46: =Q46*(1+MGKZ)*(1+Gewinn)*(1+SicherheitAngebot) -> 76230 | U46: =I46*$I$7+J46*$J$7+K46*$K$7+L46*$L$7+M46*$M$7+N46*$N$7+O46*$O$7+R46+S46 -> 198616 | W46: =$H46*SUM(W47:W61) -> 0 | X46: =$H46*SUM(X47:X61) -> 0 | Y46: =$H46*SUM(Y47:Y61) -> 0 | Z46: =$H46*SUM(Z47:Z61) -> 0 | AA46: =$H46*SUM(AA47:AA61) -> 0 | AB46: =$H46*SUM(AB47:AB61) -> 0 | AD46: =$H46*SUM(AD47:AD61) -> 0 | AE46: =$H46*SUM(AE47:AE61) -> 0 | AF46: =$H46*SUM(AF47:AF61) -> 0 | AG46: =$H46*SUM(AG47:AG61) -> 0 | AH46: =$H46*SUM(AH47:AH61) -> 0 | AI46: =$H46*SUM(AI47:AI61) -> 0 | AK46: =$H46*SUM(AK47:AK61) -> 0 | AL46: =$H46*SUM(AL47:AL61) -> 0 | AM46: =$H46*SUM(AM47:AM61) -> 0 | AN46: =$H46*SUM(AN47:AN61)*(1+Gewinn)*(1+SicherheitAngebot) -> 0 | AO46: =$H46*SUM(AO47:AO61)*(1+Gewinn)*(1+SicherheitAngebot) -> 0 | AP46: =$H46*SUM(AP47:AP61)*(1+Gewinn)*(1+SicherheitAngebot) -> 0 | AQ46: =$H46*SUM(AQ47:AQ61)*(1+Gewinn)*(1+SicherheitAngebot) -> 0 | AR46: =$H46*SUM(AR47:AR61)*(1+Gewinn)*(1+SicherheitAngebot) -> 0 | AT46: =((W46+AD46)*$W$7+(X46+AE46)*$X$7+(Y46+Z46+AF46+AG46)*$Z$7+(AA46+AH46)*$AA$7+(AB46+AI46)*$AB$7)*Zuschläge_IBN -> 0 | AV46: =AK46*$AK$7+AL46*$AL$7+AM46*$AM$7+SUM(AN46:AR46)+AT46/Zuschläge_IBN+AT46 -> 0 | AX46: =U46+AV46 -> 198616 | AZ46: =IF(H46>0,U46/(1+SicherheitAngebot)*(1+Sicherheit),0) -> 176540.88 | BB46: =IF(H46>0,AV46/(1+SicherheitAngebot)*(1+Sicherheit),0) -> 0 | BD46: =AZ46+BB46 -> 176540.88
C47: GluFee variable Feeding Unit | G47: Glufee+Schrägbunker+Kamera+ | J47: 60 | K47: 10 | L47: 40 | M47: 50 | N47: 20 | O47: 60 | P47: 5000 | Q47: =20000+3000 -> 23000 | R47: =P47*(1+Gewinn)*(1+SicherheitAngebot) -> 5000 | S47: =Q47*(1+MGKZ)*(1+Gewinn)*(1+SicherheitAngebot) -> 25300 | U47: =I47*$I$7+J47*$J$7+K47*$K$7+L47*$L$7+M47*$M$7+N47*$N$7+O47*$O$7+R47+S47 -> 53230 | AT47: =((W47+AD47)*$W$7+(X47+AE47)*$X$7+(Y47+Z47+AF47+AG47)*$Z$7+(AA47+AH47)*$AA$7+(AB47+AI47)*$AB$7)*Zuschläge_IBN -> 0 | AV47: =AK47*$AK$7+AL47*$AL$7+AM47*$AM$7+SUM(AN47:AR47)*(1+Gewinn)*(1+SicherheitAngebot)+AT47/Zuschläge_IBN+AT47 -> 0 | AX47: =U47+AV47 -> 53230 | AZ47: =U47/(1+SicherheitAngebot)*(1+Sicherheit) -> 47313.765 | BB47: =AV47/(1+SicherheitAngebot)*(1+Sicherheit) -> 0 | BD47: =AZ47+BB47 -> 47313.765
C48: Robot with Gripper | G48: ABB + ein Greifer mit Multibacken | J48: 60 | K48: 15 | L48: 50 | M48: 50 | N48: 15 | O48: 35 | P48: 1500 | Q48: 19000 | R48: =P48*(1+Gewinn)*(1+SicherheitAngebot) -> 1500 | S48: =Q48*(1+MGKZ)*(1+Gewinn)*(1+SicherheitAngebot) -> 20900 | U48: =I48*$I$7+J48*$J$7+K48*$K$7+L48*$L$7+M48*$M$7+N48*$N$7+O48*$O$7+R48+S48 -> 44380 | AT48: =((W48+AD48)*$W$7+(X48+AE48)*$X$7+(Y48+Z48+AF48+AG48)*$Z$7+(AA48+AH48)*$AA$7+(AB48+AI48)*$AB$7)*Zuschläge_IBN -> 0 | AV48: =AK48*$AK$7+AL48*$AL$7+AM48*$AM$7+SUM(AN48:AR48)*(1+Gewinn)*(1+SicherheitAngebot)+AT48/Zuschläge_IBN+AT48 -> 0 | AX48: =U48+AV48 -> 44380 | AZ48: =U48/(1+SicherheitAngebot)*(1+Sicherheit) -> 39447.396 | BB48: =AV48/(1+SicherheitAngebot)*(1+Sicherheit) -> 0 | BD48: =AZ48+BB48 -> 39447.396
C49: Alignment Unit | G49: Zentrieren und bereitstellen des Crimps / 1x Greifer | J49: 20 | K49: 2 | L49: 5 | M49: 20 | N49: 10 | O49: 20 | P49: 800 | Q49: 800 | R49: =P49*(1+Gewinn)*(1+SicherheitAngebot) -> 800 | S49: =Q49*(1+MGKZ)*(1+Gewinn)*(1+SicherheitAngebot) -> 880 | U49: =I49*$I$7+J49*$J$7+K49*$K$7+L49*$L$7+M49*$M$7+N49*$N$7+O49*$O$7+R49+S49 -> 8949 | AT49: =((W49+AD49)*$W$7+(X49+AE49)*$X$7+(Y49+Z49+AF49+AG49)*$Z$7+(AA49+AH49)*$AA$7+(AB49+AI49)*$AB$7)*Zuschläge_IBN -> 0 | AV49: =AK49*$AK$7+AL49*$AL$7+AM49*$AM$7+SUM(AN49:AR49)*(1+Gewinn)*(1+SicherheitAngebot)+AT49/Zuschläge_IBN+AT49 -> 0 | AX49: =U49+AV49 -> 8949 | AZ49: =U49/(1+SicherheitAngebot)*(1+Sicherheit) -> 7954.3657 | BB49: =AV49/(1+SicherheitAngebot)*(1+Sicherheit) -> 0 | BD49: =AZ49+BB49 -> 7954.3657
C50: Handover station for crimps | G50: Schwenkhandling doppelt mit schwimmenden Greifern (2x) | J50: 30 | K50: 10 | L50: 15 | M50: 20 | N50: 15 | O50: 25 | P50: 1200 | Q50: 3500 | R50: =P50*(1+Gewinn)*(1+SicherheitAngebot) -> 1200 | S50: =Q50*(1+MGKZ)*(1+Gewinn)*(1+SicherheitAngebot) -> 3850 | U50: =I50*$I$7+J50*$J$7+K50*$K$7+L50*$L$7+M50*$M$7+N50*$N$7+O50*$O$7+R50+S50 -> 15925 | AT50: =((W50+AD50)*$W$7+(X50+AE50)*$X$7+(Y50+Z50+AF50+AG50)*$Z$7+(AA50+AH50)*$AA$7+(AB50+AI50)*$AB$7)*Zuschläge_IBN -> 0 | AV50: =AK50*$AK$7+AL50*$AL$7+AM50*$AM$7+SUM(AN50:AR50)*(1+Gewinn)*(1+SicherheitAngebot)+AT50/Zuschläge_IBN+AT50 -> 0 | AX50: =U50+AV50 -> 15925 | AZ50: =U50/(1+SicherheitAngebot)*(1+Sicherheit) -> 14155.02 | BB50: =AV50/(1+SicherheitAngebot)*(1+Sicherheit) -> 0 | BD50: =AZ50+BB50 -> 14155.02
C51: Crimp station (one Type) 25kN | G51: Station mit Fügehub durch Kistler, Codierung für Crimpwerkzeug | J51: 120 | K51: 30 | L51: 30 | M51: 50 | N51: 20 | O51: 80 | P51: 4000 | Q51: 20000 | R51: =P51*(1+Gewinn)*(1+SicherheitAngebot) -> 4000 | S51: =Q51*(1+MGKZ)*(1+Gewinn)*(1+SicherheitAngebot) -> 22000 | U51: =I51*$I$7+J51*$J$7+K51*$K$7+L51*$L$7+M51*$M$7+N51*$N$7+O51*$O$7+R51+S51 -> 57360 | AT51: =((W51+AD51)*$W$7+(X51+AE51)*$X$7+(Y51+Z51+AF51+AG51)*$Z$7+(AA51+AH51)*$AA$7+(AB51+AI51)*$AB$7)*Zuschläge_IBN -> 0 | AV51: =AK51*$AK$7+AL51*$AL$7+AM51*$AM$7+SUM(AN51:AR51)*(1+Gewinn)*(1+SicherheitAngebot)+AT51/Zuschläge_IBN+AT51 -> 0 | AX51: =U51+AV51 -> 57360 | AZ51: =U51/(1+SicherheitAngebot)*(1+Sicherheit) -> 50984.737 | BB51: =AV51/(1+SicherheitAngebot)*(1+Sicherheit) -> 0 | BD51: =AZ51+BB51 -> 50984.737
R52: =P52*(1+Gewinn)*(1+SicherheitAngebot) -> 0 | S52: =Q52*(1+MGKZ)*(1+Gewinn)*(1+SicherheitAngebot) -> 0 | U52: =I52*$I$7+J52*$J$7+K52*$K$7+L52*$L$7+M52*$M$7+N52*$N$7+O52*$O$7+R52+S52 -> 0 | AT52: =((W52+AD52)*$W$7+(X52+AE52)*$X$7+(Y52+Z52+AF52+AG52)*$Z$7+(AA52+AH52)*$AA$7+(AB52+AI52)*$AB$7)*Zuschläge_IBN -> 0 | AV52: =AK52*$AK$7+AL52*$AL$7+AM52*$AM$7+SUM(AN52:AR52)*(1+Gewinn)*(1+SicherheitAngebot)+AT52/Zuschläge_IBN+AT52 -> 0 | AX52: =U52+AV52 -> 0 | AZ52: =U52/(1+SicherheitAngebot)*(1+Sicherheit) -> 0 | BB52: =AV52/(1+SicherheitAngebot)*(1+Sicherheit) -> 0 | BD52: =AZ52+BB52 -> 0
C53: Base Frame | J53: 30 | K53: 0 | L53: 0 | M53: 0 | N53: 10 | O53: 25 | P53: 5000 | Q53: 500 | R53: =P53*(1+Gewinn)*(1+SicherheitAngebot) -> 5000 | S53: =Q53*(1+MGKZ)*(1+Gewinn)*(1+SicherheitAngebot) -> 550 | U53: =I53*$I$7+J53*$J$7+K53*$K$7+L53*$L$7+M53*$M$7+N53*$N$7+O53*$O$7+R53+S53 -> 11420 | AT53: =((W53+AD53)*$W$7+(X53+AE53)*$X$7+(Y53+Z53+AF53+AG53)*$Z$7+(AA53+AH53)*$AA$7+(AB53+AI53)*$AB$7)*Zuschläge_IBN -> 0 | AV53: =AK53*$AK$7+AL53*$AL$7+AM53*$AM$7+SUM(AN53:AR53)*(1+Gewinn)*(1+SicherheitAngebot)+AT53/Zuschläge_IBN+AT53 -> 0 | AX53: =U53+AV53 -> 11420 | AZ53: =U53/(1+SicherheitAngebot)*(1+Sicherheit) -> 10150.727 | BB53: =AV53/(1+SicherheitAngebot)*(1+Sicherheit) -> 0 | BD53: =AZ53+BB53 -> 10150.727
R54: =P54*(1+Gewinn)*(1+SicherheitAngebot) -> 0 | S54: =Q54*(1+MGKZ)*(1+Gewinn)*(1+SicherheitAngebot) -> 0 | U54: =I54*$I$7+J54*$J$7+K54*$K$7+L54*$L$7+M54*$M$7+N54*$N$7+O54*$O$7+R54+S54 -> 0 | AT54: =((W54+AD54)*$W$7+(X54+AE54)*$X$7+(Y54+Z54+AF54+AG54)*$Z$7+(AA54+AH54)*$AA$7+(AB54+AI54)*$AB$7)*Zuschläge_IBN -> 0 | AV54: =AK54*$AK$7+AL54*$AL$7+AM54*$AM$7+SUM(AN54:AR54)*(1+Gewinn)*(1+SicherheitAngebot)+AT54/Zuschläge_IBN+AT54 -> 0 | AX54: =U54+AV54 -> 0 | AZ54: =U54/(1+SicherheitAngebot)*(1+Sicherheit) -> 0 | BB54: =AV54/(1+SicherheitAngebot)*(1+Sicherheit) -> 0 | BD54: =AZ54+BB54 -> 0
R55: =P55*(1+Gewinn)*(1+SicherheitAngebot) -> 0 | S55: =Q55*(1+MGKZ)*(1+Gewinn)*(1+SicherheitAngebot) -> 0 | U55: =I55*$I$7+J55*$J$7+K55*$K$7+L55*$L$7+M55*$M$7+N55*$N$7+O55*$O$7+R55+S55 -> 0 | AT55: =((W55+AD55)*$W$7+(X55+AE55)*$X$7+(Y55+Z55+AF55+AG55)*$Z$7+(AA55+AH55)*$AA$7+(AB55+AI55)*$AB$7)*Zuschläge_IBN -> 0 | AV55: =AK55*$AK$7+AL55*$AL$7+AM55*$AM$7+SUM(AN55:AR55)*(1+Gewinn)*(1+SicherheitAngebot)+AT55/Zuschläge_IBN+AT55 -> 0 | AX55: =U55+AV55 -> 0 | AZ55: =U55/(1+SicherheitAngebot)*(1+Sicherheit) -> 0 | BB55: =AV55/(1+SicherheitAngebot)*(1+Sicherheit) -> 0 | BD55: =AZ55+BB55 -> 0
R56: =P56*(1+Gewinn)*(1+SicherheitAngebot) -> 0 | S56: =Q56*(1+MGKZ)*(1+Gewinn)*(1+SicherheitAngebot) -> 0 | U56: =I56*$I$7+J56*$J$7+K56*$K$7+L56*$L$7+M56*$M$7+N56*$N$7+O56*$O$7+R56+S56 -> 0 | AT56: =((W56+AD56)*$W$7+(X56+AE56)*$X$7+(Y56+Z56+AF56+AG56)*$Z$7+(AA56+AH56)*$AA$7+(AB56+AI56)*$AB$7)*Zuschläge_IBN -> 0 | AV56: =AK56*$AK$7+AL56*$AL$7+AM56*$AM$7+SUM(AN56:AR56)*(1+Gewinn)*(1+SicherheitAngebot)+AT56/Zuschläge_IBN+AT56 -> 0 | AX56: =U56+AV56 -> 0 | AZ56: =U56/(1+SicherheitAngebot)*(1+Sicherheit) -> 0 | BB56: =AV56/(1+SicherheitAngebot)*(1+Sicherheit) -> 0 | BD56: =AZ56+BB56 -> 0
R57: =P57*(1+Gewinn)*(1+SicherheitAngebot) -> 0 | S57: =Q57*(1+MGKZ)*(1+Gewinn)*(1+SicherheitAngebot) -> 0 | U57: =I57*$I$7+J57*$J$7+K57*$K$7+L57*$L$7+M57*$M$7+N57*$N$7+O57*$O$7+R57+S57 -> 0 | AT57: =((W57+AD57)*$W$7+(X57+AE57)*$X$7+(Y57+Z57+AF57+AG57)*$Z$7+(AA57+AH57)*$AA$7+(AB57+AI57)*$AB$7)*Zuschläge_IBN -> 0 | AV57: =AK57*$AK$7+AL57*$AL$7+AM57*$AM$7+SUM(AN57:AR57)*(1+Gewinn)*(1+SicherheitAngebot)+AT57/Zuschläge_IBN+AT57 -> 0 | AX57: =U57+AV57 -> 0 | AZ57: =U57/(1+SicherheitAngebot)*(1+Sicherheit) -> 0 | BB57: =AV57/(1+SicherheitAngebot)*(1+Sicherheit) -> 0 | BD57: =AZ57+BB57 -> 0
R58: =P58*(1+Gewinn)*(1+SicherheitAngebot) -> 0 | S58: =Q58*(1+MGKZ)*(1+Gewinn)*(1+SicherheitAngebot) -> 0 | U58: =I58*$I$7+J58*$J$7+K58*$K$7+L58*$L$7+M58*$M$7+N58*$N$7+O58*$O$7+R58+S58 -> 0 | AT58: =((W58+AD58)*$W$7+(X58+AE58)*$X$7+(Y58+Z58+AF58+AG58)*$Z$7+(AA58+AH58)*$AA$7+(AB58+AI58)*$AB$7)*Zuschläge_IBN -> 0 | AV58: =AK58*$AK$7+AL58*$AL$7+AM58*$AM$7+SUM(AN58:AR58)*(1+Gewinn)*(1+SicherheitAngebot)+AT58/Zuschläge_IBN+AT58 -> 0 | AX58: =U58+AV58 -> 0 | AZ58: =U58/(1+SicherheitAngebot)*(1+Sicherheit) -> 0 | BB58: =AV58/(1+SicherheitAngebot)*(1+Sicherheit) -> 0 | BD58: =AZ58+BB58 -> 0
R59: =P59*(1+Gewinn)*(1+SicherheitAngebot) -> 0 | S59: =Q59*(1+MGKZ)*(1+Gewinn)*(1+SicherheitAngebot) -> 0 | U59: =I59*$I$7+J59*$J$7+K59*$K$7+L59*$L$7+M59*$M$7+N59*$N$7+O59*$O$7+R59+S59 -> 0 | AT59: =((W59+AD59)*$W$7+(X59+AE59)*$X$7+(Y59+Z59+AF59+AG59)*$Z$7+(AA59+AH59)*$AA$7+(AB59+AI59)*$AB$7)*Zuschläge_IBN -> 0 | AV59: =AK59*$AK$7+AL59*$AL$7+AM59*$AM$7+SUM(AN59:AR59)*(1+Gewinn)*(1+SicherheitAngebot)+AT59/Zuschläge_IBN+AT59 -> 0 | AX59: =U59+AV59 -> 0 | AZ59: =U59/(1+SicherheitAngebot)*(1+Sicherheit) -> 0 | BB59: =AV59/(1+SicherheitAngebot)*(1+Sicherheit) -> 0 | BD59: =AZ59+BB59 -> 0
R60: =P60*(1+Gewinn)*(1+SicherheitAngebot) -> 0 | S60: =Q60*(1+MGKZ)*(1+Gewinn)*(1+SicherheitAngebot) -> 0 | U60: =I60*$I$7+J60*$J$7+K60*$K$7+L60*$L$7+M60*$M$7+N60*$N$7+O60*$O$7+R60+S60 -> 0 | AT60: =((W60+AD60)*$W$7+(X60+AE60)*$X$7+(Y60+Z60+AF60+AG60)*$Z$7+(AA60+AH60)*$AA$7+(AB60+AI60)*$AB$7)*Zuschläge_IBN -> 0 | AV60: =AK60*$AK$7+AL60*$AL$7+AM60*$AM$7+SUM(AN60:AR60)*(1+Gewinn)*(1+SicherheitAngebot)+AT60/Zuschläge_IBN+AT60 -> 0 | AX60: =U60+AV60 -> 0 | AZ60: =U60/(1+SicherheitAngebot)*(1+Sicherheit) -> 0 | BB60: =AV60/(1+SicherheitAngebot)*(1+Sicherheit) -> 0 | BD60: =AZ60+BB60 -> 0
C61: Positioning unit for Cable | G61: elektrischer y-Hub | J61: 1 | K61: 1 | L61: 1 | M61: 15 | N61: 5 | O61: 10 | P61: 1500 | Q61: 2500 | R61: =P61*(1+Gewinn)*(1+SicherheitAngebot) -> 1500 | S61: =Q61*(1+MGKZ)*(1+Gewinn)*(1+SicherheitAngebot) -> 2750 | U61: =I61*$I$7+J61*$J$7+K61*$K$7+L61*$L$7+M61*$M$7+N61*$N$7+O61*$O$7+R61+S61 -> 7352 | AT61: =((W61+AD61)*$W$7+(X61+AE61)*$X$7+(Y61+Z61+AF61+AG61)*$Z$7+(AA61+AH61)*$AA$7+(AB61+AI61)*$AB$7)*Zuschläge_IBN -> 0 | AV61: =AK61*$AK$7+AL61*$AL$7+AM61*$AM$7+SUM(AN61:AR61)*(1+Gewinn)*(1+SicherheitAngebot)+AT61/Zuschläge_IBN+AT61 -> 0 | AX61: =U61+AV61 -> 7352 | AZ61: =U61/(1+SicherheitAngebot)*(1+Sicherheit) -> 6534.8638 | BB61: =AV61/(1+SicherheitAngebot)*(1+Sicherheit) -> 0 | BD61: =AZ61+BB61 -> 6534.8638
B63: =B46+1 -> 4 | C63: Bending Terminal 1 | H63: 1 | I63: =$H63*SUM(I64:I78) -> 0 | J63: =$H63*SUM(J64:J78) -> 121 | K63: =$H63*SUM(K64:K78) -> 36 | L63: =$H63*SUM(L64:L78) -> 51 | M63: =$H63*SUM(M64:M78) -> 65 | N63: =$H63*SUM(N64:N78) -> 40 | O63: =$H63*SUM(O64:O78) -> 70 | P63: =$H63*SUM(P64:P78) -> 3400 | Q63: =$H63*SUM(Q64:Q78) -> 7000 | R63: =P63*(1+Gewinn)*(1+SicherheitAngebot) -> 3400 | S63: =Q63*(1+MGKZ)*(1+Gewinn)*(1+SicherheitAngebot) -> 7700 | U63: =I63*$I$7+J63*$J$7+K63*$K$7+L63*$L$7+M63*$M$7+N63*$N$7+O63*$O$7+R63+S63 -> 47712 | W63: =$H63*SUM(W64:W78) -> 0 | X63: =$H63*SUM(X64:X78) -> 0 | Y63: =$H63*SUM(Y64:Y78) -> 0 | Z63: =$H63*SUM(Z64:Z78) -> 0 | AA63: =$H63*SUM(AA64:AA78) -> 0 | AB63: =$H63*SUM(AB64:AB78) -> 0 | AD63: =$H63*SUM(AD64:AD78) -> 0 | AE63: =$H63*SUM(AE64:AE78) -> 0 | AF63: =$H63*SUM(AF64:AF78) -> 0 | AG63: =$H63*SUM(AG64:AG78) -> 0 | AH63: =$H63*SUM(AH64:AH78) -> 0 | AI63: =$H63*SUM(AI64:AI78) -> 0 | AK63: =$H63*SUM(AK64:AK78) -> 0 | AL63: =$H63*SUM(AL64:AL78) -> 0 | AM63: =$H63*SUM(AM64:AM78) -> 0 | AN63: =$H63*SUM(AN64:AN78)*(1+Gewinn)*(1+SicherheitAngebot) -> 0 | AO63: =$H63*SUM(AO64:AO78)*(1+Gewinn)*(1+SicherheitAngebot) -> 0 | AP63: =$H63*SUM(AP64:AP78)*(1+Gewinn)*(1+SicherheitAngebot) -> 0 | AQ63: =$H63*SUM(AQ64:AQ78)*(1+Gewinn)*(1+SicherheitAngebot) -> 0 | AR63: =$H63*SUM(AR64:AR78)*(1+Gewinn)*(1+SicherheitAngebot) -> 0 | AT63: =((W63+AD63)*$W$7+(X63+AE63)*$X$7+(Y63+Z63+AF63+AG63)*$Z$7+(AA63+AH63)*$AA$7+(AB63+AI63)*$AB$7)*Zuschläge_IBN -> 0 | AV63: =AK63*$AK$7+AL63*$AL$7+AM63*$AM$7+SUM(AN63:AR63)+AT63/Zuschläge_IBN+AT63 -> 0 | AX63: =U63+AV63 -> 47712 | AZ63: =IF(H63>0,U63/(1+SicherheitAngebot)*(1+Sicherheit),0) -> 42409.062 | BB63: =IF(H63>0,AV63/(1+SicherheitAngebot)*(1+Sicherheit),0) -> 0 | BD63: =AZ63+BB63 -> 42409.062
C64: Fixing unit for cable lug | G64: pneumatische Spanneineit mit Wechselbacken codiert | J64: 40 | K64: 5 | L64: 10 | M64: 10 | N64: 5 | O64: 20 | P64: 800 | Q64: 1200 | R64: =P64*(1+Gewinn)*(1+SicherheitAngebot) -> 800 | S64: =Q64*(1+MGKZ)*(1+Gewinn)*(1+SicherheitAngebot) -> 1320 | U64: =I64*$I$7+J64*$J$7+K64*$K$7+L64*$L$7+M64*$M$7+N64*$N$7+O64*$O$7+R64+S64 -> 10730 | AT64: =((W64+AD64)*$W$7+(X64+AE64)*$X$7+(Y64+Z64+AF64+AG64)*$Z$7+(AA64+AH64)*$AA$7+(AB64+AI64)*$AB$7)*Zuschläge_IBN -> 0 | AV64: =AK64*$AK$7+AL64*$AL$7+AM64*$AM$7+SUM(AN64:AR64)*(1+Gewinn)*(1+SicherheitAngebot)+AT64/Zuschläge_IBN+AT64 -> 0 | AX64: =U64+AV64 -> 10730 | AZ64: =U64/(1+SicherheitAngebot)*(1+Sicherheit) -> 9537.4169 | BB64: =AV64/(1+SicherheitAngebot)*(1+Sicherheit) -> 0 | BD64: =AZ64+BB64 -> 9537.4169
C65: Bending unit (30 Nm) | G65: Schwenkbewegung, Zustellung | J65: 50 | K65: 20 | L65: 30 | M65: 30 | N65: 20 | O65: 25 | P65: 900 | Q65: 3000 | R65: =P65*(1+Gewinn)*(1+SicherheitAngebot) -> 900 | S65: =Q65*(1+MGKZ)*(1+Gewinn)*(1+SicherheitAngebot) -> 3300 | U65: =I65*$I$7+J65*$J$7+K65*$K$7+L65*$L$7+M65*$M$7+N65*$N$7+O65*$O$7+R65+S65 -> 21030 | AT65: =((W65+AD65)*$W$7+(X65+AE65)*$X$7+(Y65+Z65+AF65+AG65)*$Z$7+(AA65+AH65)*$AA$7+(AB65+AI65)*$AB$7)*Zuschläge_IBN -> 0 | AV65: =AK65*$AK$7+AL65*$AL$7+AM65*$AM$7+SUM(AN65:AR65)*(1+Gewinn)*(1+SicherheitAngebot)+AT65/Zuschläge_IBN+AT65 -> 0 | AX65: =U65+AV65 -> 21030 | AZ65: =U65/(1+SicherheitAngebot)*(1+Sicherheit) -> 18692.626 | BB65: =AV65/(1+SicherheitAngebot)*(1+Sicherheit) -> 0 | BD65: =AZ65+BB65 -> 18692.626
C66: Changeover for different Types - coded | J66: 30 | K66: 10 | L66: 10 | M66: 10 | N66: 10 | O66: 15 | P66: 200 | Q66: 300 | R66: =P66*(1+Gewinn)*(1+SicherheitAngebot) -> 200 | S66: =Q66*(1+MGKZ)*(1+Gewinn)*(1+SicherheitAngebot) -> 330 | U66: =I66*$I$7+J66*$J$7+K66*$K$7+L66*$L$7+M66*$M$7+N66*$N$7+O66*$O$7+R66+S66 -> 8600 | AT66: =((W66+AD66)*$W$7+(X66+AE66)*$X$7+(Y66+Z66+AF66+AG66)*$Z$7+(AA66+AH66)*$AA$7+(AB66+AI66)*$AB$7)*Zuschläge_IBN -> 0 | AV66: =AK66*$AK$7+AL66*$AL$7+AM66*$AM$7+SUM(AN66:AR66)*(1+Gewinn)*(1+SicherheitAngebot)+AT66/Zuschläge_IBN+AT66 -> 0 | AX66: =U66+AV66 -> 8600 | AZ66: =U66/(1+SicherheitAngebot)*(1+Sicherheit) -> 7644.1552 | BB66: =AV66/(1+SicherheitAngebot)*(1+Sicherheit) -> 0 | BD66: =AZ66+BB66 -> 7644.1552
R67: =P67*(1+Gewinn)*(1+SicherheitAngebot) -> 0 | S67: =Q67*(1+MGKZ)*(1+Gewinn)*(1+SicherheitAngebot) -> 0 | U67: =I67*$I$7+J67*$J$7+K67*$K$7+L67*$L$7+M67*$M$7+N67*$N$7+O67*$O$7+R67+S67 -> 0 | AT67: =((W67+AD67)*$W$7+(X67+AE67)*$X$7+(Y67+Z67+AF67+AG67)*$Z$7+(AA67+AH67)*$AA$7+(AB67+AI67)*$AB$7)*Zuschläge_IBN -> 0 | AV67: =AK67*$AK$7+AL67*$AL$7+AM67*$AM$7+SUM(AN67:AR67)*(1+Gewinn)*(1+SicherheitAngebot)+AT67/Zuschläge_IBN+AT67 -> 0 | AX67: =U67+AV67 -> 0 | AZ67: =U67/(1+SicherheitAngebot)*(1+Sicherheit) -> 0 | BB67: =AV67/(1+SicherheitAngebot)*(1+Sicherheit) -> 0 | BD67: =AZ67+BB67 -> 0
R68: =P68*(1+Gewinn)*(1+SicherheitAngebot) -> 0 | S68: =Q68*(1+MGKZ)*(1+Gewinn)*(1+SicherheitAngebot) -> 0 | U68: =I68*$I$7+J68*$J$7+K68*$K$7+L68*$L$7+M68*$M$7+N68*$N$7+O68*$O$7+R68+S68 -> 0 | AT68: =((W68+AD68)*$W$7+(X68+AE68)*$X$7+(Y68+Z68+AF68+AG68)*$Z$7+(AA68+AH68)*$AA$7+(AB68+AI68)*$AB$7)*Zuschläge_IBN -> 0 | AV68: =AK68*$AK$7+AL68*$AL$7+AM68*$AM$7+SUM(AN68:AR68)*(1+Gewinn)*(1+SicherheitAngebot)+AT68/Zuschläge_IBN+AT68 -> 0 | AX68: =U68+AV68 -> 0 | AZ68: =U68/(1+SicherheitAngebot)*(1+Sicherheit) -> 0 | BB68: =AV68/(1+SicherheitAngebot)*(1+Sicherheit) -> 0 | BD68: =AZ68+BB68 -> 0
R69: =P69*(1+Gewinn)*(1+SicherheitAngebot) -> 0 | S69: =Q69*(1+MGKZ)*(1+Gewinn)*(1+SicherheitAngebot) -> 0 | U69: =I69*$I$7+J69*$J$7+K69*$K$7+L69*$L$7+M69*$M$7+N69*$N$7+O69*$O$7+R69+S69 -> 0 | AT69: =((W69+AD69)*$W$7+(X69+AE69)*$X$7+(Y69+Z69+AF69+AG69)*$Z$7+(AA69+AH69)*$AA$7+(AB69+AI69)*$AB$7)*Zuschläge_IBN -> 0 | AV69: =AK69*$AK$7+AL69*$AL$7+AM69*$AM$7+SUM(AN69:AR69)*(1+Gewinn)*(1+SicherheitAngebot)+AT69/Zuschläge_IBN+AT69 -> 0 | AX69: =U69+AV69 -> 0 | AZ69: =U69/(1+SicherheitAngebot)*(1+Sicherheit) -> 0 | BB69: =AV69/(1+SicherheitAngebot)*(1+Sicherheit) -> 0 | BD69: =AZ69+BB69 -> 0
R70: =P70*(1+Gewinn)*(1+SicherheitAngebot) -> 0 | S70: =Q70*(1+MGKZ)*(1+Gewinn)*(1+SicherheitAngebot) -> 0 | U70: =I70*$I$7+J70*$J$7+K70*$K$7+L70*$L$7+M70*$M$7+N70*$N$7+O70*$O$7+R70+S70 -> 0 | AT70: =((W70+AD70)*$W$7+(X70+AE70)*$X$7+(Y70+Z70+AF70+AG70)*$Z$7+(AA70+AH70)*$AA$7+(AB70+AI70)*$AB$7)*Zuschläge_IBN -> 0 | AV70: =AK70*$AK$7+AL70*$AL$7+AM70*$AM$7+SUM(AN70:AR70)*(1+Gewinn)*(1+SicherheitAngebot)+AT70/Zuschläge_IBN+AT70 -> 0 | AX70: =U70+AV70 -> 0 | AZ70: =U70/(1+SicherheitAngebot)*(1+Sicherheit) -> 0 | BB70: =AV70/(1+SicherheitAngebot)*(1+Sicherheit) -> 0 | BD70: =AZ70+BB70 -> 0
R71: =P71*(1+Gewinn)*(1+SicherheitAngebot) -> 0 | S71: =Q71*(1+MGKZ)*(1+Gewinn)*(1+SicherheitAngebot) -> 0 | U71: =I71*$I$7+J71*$J$7+K71*$K$7+L71*$L$7+M71*$M$7+N71*$N$7+O71*$O$7+R71+S71 -> 0 | AT71: =((W71+AD71)*$W$7+(X71+AE71)*$X$7+(Y71+Z71+AF71+AG71)*$Z$7+(AA71+AH71)*$AA$7+(AB71+AI71)*$AB$7)*Zuschläge_IBN -> 0 | AV71: =AK71*$AK$7+AL71*$AL$7+AM71*$AM$7+SUM(AN71:AR71)*(1+Gewinn)*(1+SicherheitAngebot)+AT71/Zuschläge_IBN+AT71 -> 0 | AX71: =U71+AV71 -> 0 | AZ71: =U71/(1+SicherheitAngebot)*(1+Sicherheit) -> 0 | BB71: =AV71/(1+SicherheitAngebot)*(1+Sicherheit) -> 0 | BD71: =AZ71+BB71 -> 0
R72: =P72*(1+Gewinn)*(1+SicherheitAngebot) -> 0 | S72: =Q72*(1+MGKZ)*(1+Gewinn)*(1+SicherheitAngebot) -> 0 | U72: =I72*$I$7+J72*$J$7+K72*$K$7+L72*$L$7+M72*$M$7+N72*$N$7+O72*$O$7+R72+S72 -> 0 | AT72: =((W72+AD72)*$W$7+(X72+AE72)*$X$7+(Y72+Z72+AF72+AG72)*$Z$7+(AA72+AH72)*$AA$7+(AB72+AI72)*$AB$7)*Zuschläge_IBN -> 0 | AV72: =AK72*$AK$7+AL72*$AL$7+AM72*$AM$7+SUM(AN72:AR72)*(1+Gewinn)*(1+SicherheitAngebot)+AT72/Zuschläge_IBN+AT72 -> 0 | AX72: =U72+AV72 -> 0 | AZ72: =U72/(1+SicherheitAngebot)*(1+Sicherheit) -> 0 | BB72: =AV72/(1+SicherheitAngebot)*(1+Sicherheit) -> 0 | BD72: =AZ72+BB72 -> 0
R73: =P73*(1+Gewinn)*(1+SicherheitAngebot) -> 0 | S73: =Q73*(1+MGKZ)*(1+Gewinn)*(1+SicherheitAngebot) -> 0 | U73: =I73*$I$7+J73*$J$7+K73*$K$7+L73*$L$7+M73*$M$7+N73*$N$7+O73*$O$7+R73+S73 -> 0 | AT73: =((W73+AD73)*$W$7+(X73+AE73)*$X$7+(Y73+Z73+AF73+AG73)*$Z$7+(AA73+AH73)*$AA$7+(AB73+AI73)*$AB$7)*Zuschläge_IBN -> 0 | AV73: =AK73*$AK$7+AL73*$AL$7+AM73*$AM$7+SUM(AN73:AR73)*(1+Gewinn)*(1+SicherheitAngebot)+AT73/Zuschläge_IBN+AT73 -> 0 | AX73: =U73+AV73 -> 0 | AZ73: =U73/(1+SicherheitAngebot)*(1+Sicherheit) -> 0 | BB73: =AV73/(1+SicherheitAngebot)*(1+Sicherheit) -> 0 | BD73: =AZ73+BB73 -> 0
R74: =P74*(1+Gewinn)*(1+SicherheitAngebot) -> 0 | S74: =Q74*(1+MGKZ)*(1+Gewinn)*(1+SicherheitAngebot) -> 0 | U74: =I74*$I$7+J74*$J$7+K74*$K$7+L74*$L$7+M74*$M$7+N74*$N$7+O74*$O$7+R74+S74 -> 0 | AT74: =((W74+AD74)*$W$7+(X74+AE74)*$X$7+(Y74+Z74+AF74+AG74)*$Z$7+(AA74+AH74)*$AA$7+(AB74+AI74)*$AB$7)*Zuschläge_IBN -> 0 | AV74: =AK74*$AK$7+AL74*$AL$7+AM74*$AM$7+SUM(AN74:AR74)*(1+Gewinn)*(1+SicherheitAngebot)+AT74/Zuschläge_IBN+AT74 -> 0 | AX74: =U74+AV74 -> 0 | AZ74: =U74/(1+SicherheitAngebot)*(1+Sicherheit) -> 0 | BB74: =AV74/(1+SicherheitAngebot)*(1+Sicherheit) -> 0 | BD74: =AZ74+BB74 -> 0
R75: =P75*(1+Gewinn)*(1+SicherheitAngebot) -> 0 | S75: =Q75*(1+MGKZ)*(1+Gewinn)*(1+SicherheitAngebot) -> 0 | U75: =I75*$I$7+J75*$J$7+K75*$K$7+L75*$L$7+M75*$M$7+N75*$N$7+O75*$O$7+R75+S75 -> 0 | AT75: =((W75+AD75)*$W$7+(X75+AE75)*$X$7+(Y75+Z75+AF75+AG75)*$Z$7+(AA75+AH75)*$AA$7+(AB75+AI75)*$AB$7)*Zuschläge_IBN -> 0 | AV75: =AK75*$AK$7+AL75*$AL$7+AM75*$AM$7+SUM(AN75:AR75)*(1+Gewinn)*(1+SicherheitAngebot)+AT75/Zuschläge_IBN+AT75 -> 0 | AX75: =U75+AV75 -> 0 | AZ75: =U75/(1+SicherheitAngebot)*(1+Sicherheit) -> 0 | BB75: =AV75/(1+SicherheitAngebot)*(1+Sicherheit) -> 0 | BD75: =AZ75+BB75 -> 0
R76: =P76*(1+Gewinn)*(1+SicherheitAngebot) -> 0 | S76: =Q76*(1+MGKZ)*(1+Gewinn)*(1+SicherheitAngebot) -> 0 | U76: =I76*$I$7+J76*$J$7+K76*$K$7+L76*$L$7+M76*$M$7+N76*$N$7+O76*$O$7+R76+S76 -> 0 | AT76: =((W76+AD76)*$W$7+(X76+AE76)*$X$7+(Y76+Z76+AF76+AG76)*$Z$7+(AA76+AH76)*$AA$7+(AB76+AI76)*$AB$7)*Zuschläge_IBN -> 0 | AV76: =AK76*$AK$7+AL76*$AL$7+AM76*$AM$7+SUM(AN76:AR76)*(1+Gewinn)*(1+SicherheitAngebot)+AT76/Zuschläge_IBN+AT76 -> 0 | AX76: =U76+AV76 -> 0 | AZ76: =U76/(1+SicherheitAngebot)*(1+Sicherheit) -> 0 | BB76: =AV76/(1+SicherheitAngebot)*(1+Sicherheit) -> 0 | BD76: =AZ76+BB76 -> 0
R77: =P77*(1+Gewinn)*(1+SicherheitAngebot) -> 0 | S77: =Q77*(1+MGKZ)*(1+Gewinn)*(1+SicherheitAngebot) -> 0 | U77: =I77*$I$7+J77*$J$7+K77*$K$7+L77*$L$7+M77*$M$7+N77*$N$7+O77*$O$7+R77+S77 -> 0 | AT77: =((W77+AD77)*$W$7+(X77+AE77)*$X$7+(Y77+Z77+AF77+AG77)*$Z$7+(AA77+AH77)*$AA$7+(AB77+AI77)*$AB$7)*Zuschläge_IBN -> 0 | AV77: =AK77*$AK$7+AL77*$AL$7+AM77*$AM$7+SUM(AN77:AR77)*(1+Gewinn)*(1+SicherheitAngebot)+AT77/Zuschläge_IBN+AT77 -> 0 | AX77: =U77+AV77 -> 0 | AZ77: =U77/(1+SicherheitAngebot)*(1+Sicherheit) -> 0 | BB77: =AV77/(1+SicherheitAngebot)*(1+Sicherheit) -> 0 | BD77: =AZ77+BB77 -> 0
C78: Positioning unit for Cable | G78: elektrischer y-Hub | J78: 1 | K78: 1 | L78: 1 | M78: 15 | N78: 5 | O78: 10 | P78: 1500 | Q78: 2500 | R78: =P78*(1+Gewinn)*(1+SicherheitAngebot) -> 1500 | S78: =Q78*(1+MGKZ)*(1+Gewinn)*(1+SicherheitAngebot) -> 2750 | U78: =I78*$I$7+J78*$J$7+K78*$K$7+L78*$L$7+M78*$M$7+N78*$N$7+O78*$O$7+R78+S78 -> 7352 | AT78: =((W78+AD78)*$W$7+(X78+AE78)*$X$7+(Y78+Z78+AF78+AG78)*$Z$7+(AA78+AH78)*$AA$7+(AB78+AI78)*$AB$7)*Zuschläge_IBN -> 0 | AV78: =AK78*$AK$7+AL78*$AL$7+AM78*$AM$7+SUM(AN78:AR78)*(1+Gewinn)*(1+SicherheitAngebot)+AT78/Zuschläge_IBN+AT78 -> 0 | AX78: =U78+AV78 -> 7352 | AZ78: =U78/(1+SicherheitAngebot)*(1+Sicherheit) -> 6534.8638 | BB78: =AV78/(1+SicherheitAngebot)*(1+Sicherheit) -> 0 | BD78: =AZ78+BB78 -> 6534.8638
B80: =B63+1 -> 5 | C80: Tinningstation (Soldering) Terminal 1 | H80: 1 | I80: =$H80*SUM(I81:I95) -> 0 | J80: =$H80*SUM(J81:J95) -> 176 | K80: =$H80*SUM(K81:K95) -> 44 | L80: =$H80*SUM(L81:L95) -> 63 | M80: =$H80*SUM(M81:M95) -> 107 | N80: =$H80*SUM(N81:N95) -> 50 | O80: =$H80*SUM(O81:O95) -> 120 | P80: =$H80*SUM(P81:P95) -> 11200 | Q80: =$H80*SUM(Q81:Q95) -> 107200 | R80: =P80*(1+Gewinn)*(1+SicherheitAngebot) -> 11200 | S80: =Q80*(1+MGKZ)*(1+Gewinn)*(1+SicherheitAngebot) -> 117920 | U80: =I80*$I$7+J80*$J$7+K80*$K$7+L80*$L$7+M80*$M$7+N80*$N$7+O80*$O$7+R80+S80 -> 182558 | W80: =$H80*SUM(W81:W95) -> 0 | X80: =$H80*SUM(X81:X95) -> 0 | Y80: =$H80*SUM(Y81:Y95) -> 0 | Z80: =$H80*SUM(Z81:Z95) -> 0 | AA80: =$H80*SUM(AA81:AA95) -> 0 | AB80: =$H80*SUM(AB81:AB95) -> 0 | AD80: =$H80*SUM(AD81:AD95) -> 0 | AE80: =$H80*SUM(AE81:AE95) -> 0 | AF80: =$H80*SUM(AF81:AF95) -> 0 | AG80: =$H80*SUM(AG81:AG95) -> 0 | AH80: =$H80*SUM(AH81:AH95) -> 0 | AI80: =$H80*SUM(AI81:AI95) -> 0 | AK80: =$H80*SUM(AK81:AK95) -> 0 | AL80: =$H80*SUM(AL81:AL95) -> 0 | AM80: =$H80*SUM(AM81:AM95) -> 0 | AN80: =$H80*SUM(AN81:AN95)*(1+Gewinn)*(1+SicherheitAngebot) -> 0 | AO80: =$H80*SUM(AO81:AO95)*(1+Gewinn)*(1+SicherheitAngebot) -> 0 | AP80: =$H80*SUM(AP81:AP95)*(1+Gewinn)*(1+SicherheitAngebot) -> 0 | AQ80: =$H80*SUM(AQ81:AQ95)*(1+Gewinn)*(1+SicherheitAngebot) -> 0 | AR80: =$H80*SUM(AR81:AR95)*(1+Gewinn)*(1+SicherheitAngebot) -> 0 | AT80: =((W80+AD80)*$W$7+(X80+AE80)*$X$7+(Y80+Z80+AF80+AG80)*$Z$7+(AA80+AH80)*$AA$7+(AB80+AI80)*$AB$7)*Zuschläge_IBN -> 0 | AV80: =AK80*$AK$7+AL80*$AL$7+AM80*$AM$7+SUM(AN80:AR80)+AT80/Zuschläge_IBN+AT80 -> 0 | AX80: =U80+AV80 -> 182558 | AZ80: =IF(H80>0,U80/(1+SicherheitAngebot)*(1+Sicherheit),0) -> 162267.64 | BB80: =IF(H80>0,AV80/(1+SicherheitAngebot)*(1+Sicherheit),0) -> 0 | BD80: =AZ80+BB80 -> 162267.64
C81: Alignment unit angle for tinning | G81: mechanische Rampe (wechselbar je typ) | J81: 60 | K81: 10 | L81: 10 | M81: 10 | N81: 10 | O81: 30 | P81: 3000 | Q81: 500 | R81: =P81*(1+Gewinn)*(1+SicherheitAngebot) -> 3000 | S81: =Q81*(1+MGKZ)*(1+Gewinn)*(1+SicherheitAngebot) -> 550 | U81: =I81*$I$7+J81*$J$7+K81*$K$7+L81*$L$7+M81*$M$7+N81*$N$7+O81*$O$7+R81+S81 -> 15850 | AT81: =((W81+AD81)*$W$7+(X81+AE81)*$X$7+(Y81+Z81+AF81+AG81)*$Z$7+(AA81+AH81)*$AA$7+(AB81+AI81)*$AB$7)*Zuschläge_IBN -> 0 | AV81: =AK81*$AK$7+AL81*$AL$7+AM81*$AM$7+SUM(AN81:AR81)*(1+Gewinn)*(1+SicherheitAngebot)+AT81/Zuschläge_IBN+AT81 -> 0 | AX81: =U81+AV81 -> 15850 | AZ81: =U81/(1+SicherheitAngebot)*(1+Sicherheit) -> 14088.356 | BB81: =AV81/(1+SicherheitAngebot)*(1+Sicherheit) -> 0 | BD81: =AZ81+BB81 -> 14088.356
C82: inductiv heating station | G82: Zukaufteil Eldec | J82: 20 | K82: 8 | L82: 10 | M82: 20 | N82: 5 | O82: 10 | P82: 1000 | Q82: 90000 | R82: =P82*(1+Gewinn)*(1+SicherheitAngebot) -> 1000 | S82: =Q82*(1+MGKZ)*(1+Gewinn)*(1+SicherheitAngebot) -> 99000 | U82: =I82*$I$7+J82*$J$7+K82*$K$7+L82*$L$7+M82*$M$7+N82*$N$7+O82*$O$7+R82+S82 -> 107116 | AT82: =((W82+AD82)*$W$7+(X82+AE82)*$X$7+(Y82+Z82+AF82+AG82)*$Z$7+(AA82+AH82)*$AA$7+(AB82+AI82)*$AB$7)*Zuschläge_IBN -> 0 | AV82: =AK82*$AK$7+AL82*$AL$7+AM82*$AM$7+SUM(AN82:AR82)*(1+Gewinn)*(1+SicherheitAngebot)+AT82/Zuschläge_IBN+AT82 -> 0 | AX82: =U82+AV82 -> 107116 | AZ82: =U82/(1+SicherheitAngebot)*(1+Sicherheit) -> 95210.619 | BB82: =AV82/(1+SicherheitAngebot)*(1+Sicherheit) -> 0 | BD82: =AZ82+BB82 -> 95210.619
C83: Tin feeding and supply | G83: Zukaufteil | J83: 30 | K83: 10 | L83: 15 | M83: 20 | N83: 10 | O83: 25 | P83: =2*500 -> 1000 | Q83: 3000 | R83: =P83*(1+Gewinn)*(1+SicherheitAngebot) -> 1000 | S83: =Q83*(1+MGKZ)*(1+Gewinn)*(1+SicherheitAngebot) -> 3300 | U83: =I83*$I$7+J83*$J$7+K83*$K$7+L83*$L$7+M83*$M$7+N83*$N$7+O83*$O$7+R83+S83 -> 14765 | AT83: =((W83+AD83)*$W$7+(X83+AE83)*$X$7+(Y83+Z83+AF83+AG83)*$Z$7+(AA83+AH83)*$AA$7+(AB83+AI83)*$AB$7)*Zuschläge_IBN -> 0 | AV83: =AK83*$AK$7+AL83*$AL$7+AM83*$AM$7+SUM(AN83:AR83)*(1+Gewinn)*(1+SicherheitAngebot)+AT83/Zuschläge_IBN+AT83 -> 0 | AX83: =U83+AV83 -> 14765 | AZ83: =U83/(1+SicherheitAngebot)*(1+Sicherheit) -> 13123.948 | BB83: =AV83/(1+SicherheitAngebot)*(1+Sicherheit) -> 0 | BD83: =AZ83+BB83 -> 13123.948
C84: x-y-positioning unit for tin supply (+/- 10mm) | G84: 1x / 2 elektrische Achsen | J84: 40 | K84: 10 | L84: 25 | M84: 40 | N84: 15 | O84: 20 | P84: 1200 | Q84: 6000 | R84: =P84*(1+Gewinn)*(1+SicherheitAngebot) -> 1200 | S84: =Q84*(1+MGKZ)*(1+Gewinn)*(1+SicherheitAngebot) -> 6600 | U84: =I84*$I$7+J84*$J$7+K84*$K$7+L84*$L$7+M84*$M$7+N84*$N$7+O84*$O$7+R84+S84 -> 22415 | AT84: =((W84+AD84)*$W$7+(X84+AE84)*$X$7+(Y84+Z84+AF84+AG84)*$Z$7+(AA84+AH84)*$AA$7+(AB84+AI84)*$AB$7)*Zuschläge_IBN -> 0 | AV84: =AK84*$AK$7+AL84*$AL$7+AM84*$AM$7+SUM(AN84:AR84)*(1+Gewinn)*(1+SicherheitAngebot)+AT84/Zuschläge_IBN+AT84 -> 0 | AX84: =U84+AV84 -> 22415 | AZ84: =U84/(1+SicherheitAngebot)*(1+Sicherheit) -> 19923.691 | BB84: =AV84/(1+SicherheitAngebot)*(1+Sicherheit) -> 0 | BD84: =AZ84+BB84 -> 19923.691
C85: Base frame | J85: 20 | O85: 15 | P85: 3500 | Q85: 200 | R85: =P85*(1+Gewinn)*(1+SicherheitAngebot) -> 3500 | S85: =Q85*(1+MGKZ)*(1+Gewinn)*(1+SicherheitAngebot) -> 220 | U85: =I85*$I$7+J85*$J$7+K85*$K$7+L85*$L$7+M85*$M$7+N85*$N$7+O85*$O$7+R85+S85 -> 6950 | AT85: =((W85+AD85)*$W$7+(X85+AE85)*$X$7+(Y85+Z85+AF85+AG85)*$Z$7+(AA85+AH85)*$AA$7+(AB85+AI85)*$AB$7)*Zuschläge_IBN -> 0 | AV85: =AK85*$AK$7+AL85*$AL$7+AM85*$AM$7+SUM(AN85:AR85)*(1+Gewinn)*(1+SicherheitAngebot)+AT85/Zuschläge_IBN+AT85 -> 0 | AX85: =U85+AV85 -> 6950 | AZ85: =U85/(1+SicherheitAngebot)*(1+Sicherheit) -> 6177.544 | BB85: =AV85/(1+SicherheitAngebot)*(1+Sicherheit) -> 0 | BD85: =AZ85+BB85 -> 6177.544
C86: suction unit | G86: für beide Tinningstationen | J86: 5 | K86: 5 | L86: 2 | M86: 2 | N86: 5 | O86: 10 | Q86: 5000 | R86: =P86*(1+Gewinn)*(1+SicherheitAngebot) -> 0 | S86: =Q86*(1+MGKZ)*(1+Gewinn)*(1+SicherheitAngebot) -> 5500 | U86: =I86*$I$7+J86*$J$7+K86*$K$7+L86*$L$7+M86*$M$7+N86*$N$7+O86*$O$7+R86+S86 -> 8110 | AT86: =((W86+AD86)*$W$7+(X86+AE86)*$X$7+(Y86+Z86+AF86+AG86)*$Z$7+(AA86+AH86)*$AA$7+(AB86+AI86)*$AB$7)*Zuschläge_IBN -> 0 | AV86: =AK86*$AK$7+AL86*$AL$7+AM86*$AM$7+SUM(AN86:AR86)*(1+Gewinn)*(1+SicherheitAngebot)+AT86/Zuschläge_IBN+AT86 -> 0 | AX86: =U86+AV86 -> 8110 | AZ86: =U86/(1+SicherheitAngebot)*(1+Sicherheit) -> 7208.6161 | BB86: =AV86/(1+SicherheitAngebot)*(1+Sicherheit) -> 0 | BD86: =AZ86+BB86 -> 7208.6161
R87: =P87*(1+Gewinn)*(1+SicherheitAngebot) -> 0 | S87: =Q87*(1+MGKZ)*(1+Gewinn)*(1+SicherheitAngebot) -> 0 | U87: =I87*$I$7+J87*$J$7+K87*$K$7+L87*$L$7+M87*$M$7+N87*$N$7+O87*$O$7+R87+S87 -> 0 | AT87: =((W87+AD87)*$W$7+(X87+AE87)*$X$7+(Y87+Z87+AF87+AG87)*$Z$7+(AA87+AH87)*$AA$7+(AB87+AI87)*$AB$7)*Zuschläge_IBN -> 0 | AV87: =AK87*$AK$7+AL87*$AL$7+AM87*$AM$7+SUM(AN87:AR87)*(1+Gewinn)*(1+SicherheitAngebot)+AT87/Zuschläge_IBN+AT87 -> 0 | AX87: =U87+AV87 -> 0 | AZ87: =U87/(1+SicherheitAngebot)*(1+Sicherheit) -> 0 | BB87: =AV87/(1+SicherheitAngebot)*(1+Sicherheit) -> 0 | BD87: =AZ87+BB87 -> 0
R88: =P88*(1+Gewinn)*(1+SicherheitAngebot) -> 0 | S88: =Q88*(1+MGKZ)*(1+Gewinn)*(1+SicherheitAngebot) -> 0 | U88: =I88*$I$7+J88*$J$7+K88*$K$7+L88*$L$7+M88*$M$7+N88*$N$7+O88*$O$7+R88+S88 -> 0 | AT88: =((W88+AD88)*$W$7+(X88+AE88)*$X$7+(Y88+Z88+AF88+AG88)*$Z$7+(AA88+AH88)*$AA$7+(AB88+AI88)*$AB$7)*Zuschläge_IBN -> 0 | AV88: =AK88*$AK$7+AL88*$AL$7+AM88*$AM$7+SUM(AN88:AR88)*(1+Gewinn)*(1+SicherheitAngebot)+AT88/Zuschläge_IBN+AT88 -> 0 | AX88: =U88+AV88 -> 0 | AZ88: =U88/(1+SicherheitAngebot)*(1+Sicherheit) -> 0 | BB88: =AV88/(1+SicherheitAngebot)*(1+Sicherheit) -> 0 | BD88: =AZ88+BB88 -> 0
R89: =P89*(1+Gewinn)*(1+SicherheitAngebot) -> 0 | S89: =Q89*(1+MGKZ)*(1+Gewinn)*(1+SicherheitAngebot) -> 0 | U89: =I89*$I$7+J89*$J$7+K89*$K$7+L89*$L$7+M89*$M$7+N89*$N$7+O89*$O$7+R89+S89 -> 0 | AT89: =((W89+AD89)*$W$7+(X89+AE89)*$X$7+(Y89+Z89+AF89+AG89)*$Z$7+(AA89+AH89)*$AA$7+(AB89+AI89)*$AB$7)*Zuschläge_IBN -> 0 | AV89: =AK89*$AK$7+AL89*$AL$7+AM89*$AM$7+SUM(AN89:AR89)*(1+Gewinn)*(1+SicherheitAngebot)+AT89/Zuschläge_IBN+AT89 -> 0 | AX89: =U89+AV89 -> 0 | AZ89: =U89/(1+SicherheitAngebot)*(1+Sicherheit) -> 0 | BB89: =AV89/(1+SicherheitAngebot)*(1+Sicherheit) -> 0 | BD89: =AZ89+BB89 -> 0
R90: =P90*(1+Gewinn)*(1+SicherheitAngebot) -> 0 | S90: =Q90*(1+MGKZ)*(1+Gewinn)*(1+SicherheitAngebot) -> 0 | U90: =I90*$I$7+J90*$J$7+K90*$K$7+L90*$L$7+M90*$M$7+N90*$N$7+O90*$O$7+R90+S90 -> 0 | AT90: =((W90+AD90)*$W$7+(X90+AE90)*$X$7+(Y90+Z90+AF90+AG90)*$Z$7+(AA90+AH90)*$AA$7+(AB90+AI90)*$AB$7)*Zuschläge_IBN -> 0 | AV90: =AK90*$AK$7+AL90*$AL$7+AM90*$AM$7+SUM(AN90:AR90)*(1+Gewinn)*(1+SicherheitAngebot)+AT90/Zuschläge_IBN+AT90 -> 0 | AX90: =U90+AV90 -> 0 | AZ90: =U90/(1+SicherheitAngebot)*(1+Sicherheit) -> 0 | BB90: =AV90/(1+SicherheitAngebot)*(1+Sicherheit) -> 0 | BD90: =AZ90+BB90 -> 0
R91: =P91*(1+Gewinn)*(1+SicherheitAngebot) -> 0 | S91: =Q91*(1+MGKZ)*(1+Gewinn)*(1+SicherheitAngebot) -> 0 | U91: =I91*$I$7+J91*$J$7+K91*$K$7+L91*$L$7+M91*$M$7+N91*$N$7+O91*$O$7+R91+S91 -> 0 | AT91: =((W91+AD91)*$W$7+(X91+AE91)*$X$7+(Y91+Z91+AF91+AG91)*$Z$7+(AA91+AH91)*$AA$7+(AB91+AI91)*$AB$7)*Zuschläge_IBN -> 0 | AV91: =AK91*$AK$7+AL91*$AL$7+AM91*$AM$7+SUM(AN91:AR91)*(1+Gewinn)*(1+SicherheitAngebot)+AT91/Zuschläge_IBN+AT91 -> 0 | AX91: =U91+AV91 -> 0 | AZ91: =U91/(1+SicherheitAngebot)*(1+Sicherheit) -> 0 | BB91: =AV91/(1+SicherheitAngebot)*(1+Sicherheit) -> 0 | BD91: =AZ91+BB91 -> 0
R92: =P92*(1+Gewinn)*(1+SicherheitAngebot) -> 0 | S92: =Q92*(1+MGKZ)*(1+Gewinn)*(1+SicherheitAngebot) -> 0 | U92: =I92*$I$7+J92*$J$7+K92*$K$7+L92*$L$7+M92*$M$7+N92*$N$7+O92*$O$7+R92+S92 -> 0 | AT92: =((W92+AD92)*$W$7+(X92+AE92)*$X$7+(Y92+Z92+AF92+AG92)*$Z$7+(AA92+AH92)*$AA$7+(AB92+AI92)*$AB$7)*Zuschläge_IBN -> 0 | AV92: =AK92*$AK$7+AL92*$AL$7+AM92*$AM$7+SUM(AN92:AR92)*(1+Gewinn)*(1+SicherheitAngebot)+AT92/Zuschläge_IBN+AT92 -> 0 | AX92: =U92+AV92 -> 0 | AZ92: =U92/(1+SicherheitAngebot)*(1+Sicherheit) -> 0 | BB92: =AV92/(1+SicherheitAngebot)*(1+Sicherheit) -> 0 | BD92: =AZ92+BB92 -> 0
R93: =P93*(1+Gewinn)*(1+SicherheitAngebot) -> 0 | S93: =Q93*(1+MGKZ)*(1+Gewinn)*(1+SicherheitAngebot) -> 0 | U93: =I93*$I$7+J93*$J$7+K93*$K$7+L93*$L$7+M93*$M$7+N93*$N$7+O93*$O$7+R93+S93 -> 0 | AT93: =((W93+AD93)*$W$7+(X93+AE93)*$X$7+(Y93+Z93+AF93+AG93)*$Z$7+(AA93+AH93)*$AA$7+(AB93+AI93)*$AB$7)*Zuschläge_IBN -> 0 | AV93: =AK93*$AK$7+AL93*$AL$7+AM93*$AM$7+SUM(AN93:AR93)*(1+Gewinn)*(1+SicherheitAngebot)+AT93/Zuschläge_IBN+AT93 -> 0 | AX93: =U93+AV93 -> 0 | AZ93: =U93/(1+SicherheitAngebot)*(1+Sicherheit) -> 0 | BB93: =AV93/(1+SicherheitAngebot)*(1+Sicherheit) -> 0 | BD93: =AZ93+BB93 -> 0
R94: =P94*(1+Gewinn)*(1+SicherheitAngebot) -> 0 | S94: =Q94*(1+MGKZ)*(1+Gewinn)*(1+SicherheitAngebot) -> 0 | U94: =I94*$I$7+J94*$J$7+K94*$K$7+L94*$L$7+M94*$M$7+N94*$N$7+O94*$O$7+R94+S94 -> 0 | AT94: =((W94+AD94)*$W$7+(X94+AE94)*$X$7+(Y94+Z94+AF94+AG94)*$Z$7+(AA94+AH94)*$AA$7+(AB94+AI94)*$AB$7)*Zuschläge_IBN -> 0 | AV94: =AK94*$AK$7+AL94*$AL$7+AM94*$AM$7+SUM(AN94:AR94)*(1+Gewinn)*(1+SicherheitAngebot)+AT94/Zuschläge_IBN+AT94 -> 0 | AX94: =U94+AV94 -> 0 | AZ94: =U94/(1+SicherheitAngebot)*(1+Sicherheit) -> 0 | BB94: =AV94/(1+SicherheitAngebot)*(1+Sicherheit) -> 0 | BD94: =AZ94+BB94 -> 0
C95: Positioning unit for Cable | G95: elektrischer y-Hub | J95: 1 | K95: 1 | L95: 1 | M95: 15 | N95: 5 | O95: 10 | P95: 1500 | Q95: 2500 | R95: =P95*(1+Gewinn)*(1+SicherheitAngebot) -> 1500 | S95: =Q95*(1+MGKZ)*(1+Gewinn)*(1+SicherheitAngebot) -> 2750 | U95: =I95*$I$7+J95*$J$7+K95*$K$7+L95*$L$7+M95*$M$7+N95*$N$7+O95*$O$7+R95+S95 -> 7352 | AT95: =((W95+AD95)*$W$7+(X95+AE95)*$X$7+(Y95+Z95+AF95+AG95)*$Z$7+(AA95+AH95)*$AA$7+(AB95+AI95)*$AB$7)*Zuschläge_IBN -> 0 | AV95: =AK95*$AK$7+AL95*$AL$7+AM95*$AM$7+SUM(AN95:AR95)*(1+Gewinn)*(1+SicherheitAngebot)+AT95/Zuschläge_IBN+AT95 -> 0 | AX95: =U95+AV95 -> 7352 | AZ95: =U95/(1+SicherheitAngebot)*(1+Sicherheit) -> 6534.8638 | BB95: =AV95/(1+SicherheitAngebot)*(1+Sicherheit) -> 0 | BD95: =AZ95+BB95 -> 6534.8638
B97: =B80+1 -> 6 | C97: Inspection Station Terminal 1 (Optical) | H97: 1 | I97: =$H97*SUM(I98:I112) -> 0 | J97: =$H97*SUM(J98:J112) -> 50 | K97: =$H97*SUM(K98:K112) -> 24 | L97: =$H97*SUM(L98:L112) -> 30 | M97: =$H97*SUM(M98:M112) -> 20 | N97: =$H97*SUM(N98:N112) -> 30 | O97: =$H97*SUM(O98:O112) -> 50 | P97: =$H97*SUM(P98:P112) -> 2500 | Q97: =$H97*SUM(Q98:Q112) -> 37000 | R97: =P97*(1+Gewinn)*(1+SicherheitAngebot) -> 2500 | S97: =Q97*(1+MGKZ)*(1+Gewinn)*(1+SicherheitAngebot) -> 40700 | U97: =I97*$I$7+J97*$J$7+K97*$K$7+L97*$L$7+M97*$M$7+N97*$N$7+O97*$O$7+R97+S97 -> 62218 | W97: =$H97*SUM(W98:W112) -> 0 | X97: =$H97*SUM(X98:X112) -> 0 | Y97: =$H97*SUM(Y98:Y112) -> 0 | Z97: =$H97*SUM(Z98:Z112) -> 0 | AA97: =$H97*SUM(AA98:AA112) -> 0 | AB97: =$H97*SUM(AB98:AB112) -> 0 | AD97: =$H97*SUM(AD98:AD112) -> 0 | AE97: =$H97*SUM(AE98:AE112) -> 0 | AF97: =$H97*SUM(AF98:AF112) -> 0 | AG97: =$H97*SUM(AG98:AG112) -> 0 | AH97: =$H97*SUM(AH98:AH112) -> 0 | AI97: =$H97*SUM(AI98:AI112) -> 0 | AK97: =$H97*SUM(AK98:AK112) -> 0 | AL97: =$H97*SUM(AL98:AL112) -> 0 | AM97: =$H97*SUM(AM98:AM112) -> 0 | AN97: =$H97*SUM(AN98:AN112)*(1+Gewinn)*(1+SicherheitAngebot) -> 0 | AO97: =$H97*SUM(AO98:AO112)*(1+Gewinn)*(1+SicherheitAngebot) -> 0 | AP97: =$H97*SUM(AP98:AP112)*(1+Gewinn)*(1+SicherheitAngebot) -> 0 | AQ97: =$H97*SUM(AQ98:AQ112)*(1+Gewinn)*(1+SicherheitAngebot) -> 0 | AR97: =$H97*SUM(AR98:AR112)*(1+Gewinn)*(1+SicherheitAngebot) -> 0 | AT97: =((W97+AD97)*$W$7+(X97+AE97)*$X$7+(Y97+Z97+AF97+AG97)*$Z$7+(AA97+AH97)*$AA$7+(AB97+AI97)*$AB$7)*Zuschläge_IBN -> 0 | AV97: =AK97*$AK$7+AL97*$AL$7+AM97*$AM$7+SUM(AN97:AR97)+AT97/Zuschläge_IBN+AT97 -> 0 | AX97: =U97+AV97 -> 62218 | AZ97: =IF(H97>0,U97/(1+SicherheitAngebot)*(1+Sicherheit),0) -> 55302.796 | BB97: =IF(H97>0,AV97/(1+SicherheitAngebot)*(1+Sicherheit),0) -> 0 | BD97: =AZ97+BB97 -> 55302.796
C98: Top Camera (1x) for checking Tinning, coverage of soldering, outstanding strengs, Isolation Quality | G98: (z.B. Baumer | J98: 10 | K98: 2 | L98: 5 | M98: 5 | N98: 5 | O98: 10 | P98: 500 | Q98: 5000 | R98: =P98*(1+Gewinn)*(1+SicherheitAngebot) -> 500 | S98: =Q98*(1+MGKZ)*(1+Gewinn)*(1+SicherheitAngebot) -> 5500 | U98: =I98*$I$7+J98*$J$7+K98*$K$7+L98*$L$7+M98*$M$7+N98*$N$7+O98*$O$7+R98+S98 -> 9464 | AT98: =((W98+AD98)*$W$7+(X98+AE98)*$X$7+(Y98+Z98+AF98+AG98)*$Z$7+(AA98+AH98)*$AA$7+(AB98+AI98)*$AB$7)*Zuschläge_IBN -> 0 | AV98: =AK98*$AK$7+AL98*$AL$7+AM98*$AM$7+SUM(AN98:AR98)*(1+Gewinn)*(1+SicherheitAngebot)+AT98/Zuschläge_IBN+AT98 -> 0 | AX98: =U98+AV98 -> 9464 | AZ98: =U98/(1+SicherheitAngebot)*(1+Sicherheit) -> 8412.1261 | BB98: =AV98/(1+SicherheitAngebot)*(1+Sicherheit) -> 0 | BD98: =AZ98+BB98 -> 8412.1261
C99: Side Camera (1x) with positioning unit for checking bending angel | G99: z.B. Baumer | J99: 10 | K99: 2 | L99: 5 | M99: 5 | N99: 5 | O99: 10 | P99: 500 | Q99: 6000 | R99: =P99*(1+Gewinn)*(1+SicherheitAngebot) -> 500 | S99: =Q99*(1+MGKZ)*(1+Gewinn)*(1+SicherheitAngebot) -> 6600 | U99: =I99*$I$7+J99*$J$7+K99*$K$7+L99*$L$7+M99*$M$7+N99*$N$7+O99*$O$7+R99+S99 -> 10564 | AT99: =((W99+AD99)*$W$7+(X99+AE99)*$X$7+(Y99+Z99+AF99+AG99)*$Z$7+(AA99+AH99)*$AA$7+(AB99+AI99)*$AB$7)*Zuschläge_IBN -> 0 | AV99: =AK99*$AK$7+AL99*$AL$7+AM99*$AM$7+SUM(AN99:AR99)*(1+Gewinn)*(1+SicherheitAngebot)+AT99/Zuschläge_IBN+AT99 -> 0 | AX99: =U99+AV99 -> 10564 | AZ99: =U99/(1+SicherheitAngebot)*(1+Sicherheit) -> 9389.8669 | BB99: =AV99/(1+SicherheitAngebot)*(1+Sicherheit) -> 0 | BD99: =AZ99+BB99 -> 9389.8669
C100: Camara job | G100: Kameracontroler incl. Programmierung und IBN; Reliste | J100: 20 | K100: 20 | L100: 20 | M100: 10 | N100: 20 | O100: 20 | P100: 1000 | Q100: 25000 | R100: =P100*(1+Gewinn)*(1+SicherheitAngebot) -> 1000 | S100: =Q100*(1+MGKZ)*(1+Gewinn)*(1+SicherheitAngebot) -> 27500 | U100: =I100*$I$7+J100*$J$7+K100*$K$7+L100*$L$7+M100*$M$7+N100*$N$7+O100*$O$7+R100+S100 -> 38770 | AT100: =((W100+AD100)*$W$7+(X100+AE100)*$X$7+(Y100+Z100+AF100+AG100)*$Z$7+(AA100+AH100)*$AA$7+(AB100+AI100)*$AB$7)*Zuschläge_IBN -> 0 | AV100: =AK100*$AK$7+AL100*$AL$7+AM100*$AM$7+SUM(AN100:AR100)*(1+Gewinn)*(1+SicherheitAngebot)+AT100/Zuschläge_IBN+AT100 -> 0 | AX100: =U100+AV100 -> 38770 | AZ100: =U100/(1+SicherheitAngebot)*(1+Sicherheit) -> 34460.918 | BB100: =AV100/(1+SicherheitAngebot)*(1+Sicherheit) -> 0 | BD100: =AZ100+BB100 -> 34460.918
C101: Gestell | J101: 10 | O101: 10 | P101: 500 | Q101: 1000 | R101: =P101*(1+Gewinn)*(1+SicherheitAngebot) -> 500 | S101: =Q101*(1+MGKZ)*(1+Gewinn)*(1+SicherheitAngebot) -> 1100 | U101: =I101*$I$7+J101*$J$7+K101*$K$7+L101*$L$7+M101*$M$7+N101*$N$7+O101*$O$7+R101+S101 -> 3420 | AT101: =((W101+AD101)*$W$7+(X101+AE101)*$X$7+(Y101+Z101+AF101+AG101)*$Z$7+(AA101+AH101)*$AA$7+(AB101+AI101)*$AB$7)*Zuschläge_IBN -> 0 | AV101: =AK101*$AK$7+AL101*$AL$7+AM101*$AM$7+SUM(AN101:AR101)*(1+Gewinn)*(1+SicherheitAngebot)+AT101/Zuschläge_IBN+AT101 -> 0 | AX101: =U101+AV101 -> 3420 | AZ101: =U101/(1+SicherheitAngebot)*(1+Sicherheit) -> 3039.885 | BB101: =AV101/(1+SicherheitAngebot)*(1+Sicherheit) -> 0 | BD101: =AZ101+BB101 -> 3039.885
R102: =P102*(1+Gewinn)*(1+SicherheitAngebot) -> 0 | S102: =Q102*(1+MGKZ)*(1+Gewinn)*(1+SicherheitAngebot) -> 0 | U102: =I102*$I$7+J102*$J$7+K102*$K$7+L102*$L$7+M102*$M$7+N102*$N$7+O102*$O$7+R102+S102 -> 0 | AT102: =((W102+AD102)*$W$7+(X102+AE102)*$X$7+(Y102+Z102+AF102+AG102)*$Z$7+(AA102+AH102)*$AA$7+(AB102+AI102)*$AB$7)*Zuschläge_IBN -> 0 | AV102: =AK102*$AK$7+AL102*$AL$7+AM102*$AM$7+SUM(AN102:AR102)*(1+Gewinn)*(1+SicherheitAngebot)+AT102/Zuschläge_IBN+AT102 -> 0 | AX102: =U102+AV102 -> 0 | AZ102: =U102/(1+SicherheitAngebot)*(1+Sicherheit) -> 0 | BB102: =AV102/(1+SicherheitAngebot)*(1+Sicherheit) -> 0 | BD102: =AZ102+BB102 -> 0
R103: =P103*(1+Gewinn)*(1+SicherheitAngebot) -> 0 | S103: =Q103*(1+MGKZ)*(1+Gewinn)*(1+SicherheitAngebot) -> 0 | U103: =I103*$I$7+J103*$J$7+K103*$K$7+L103*$L$7+M103*$M$7+N103*$N$7+O103*$O$7+R103+S103 -> 0 | AT103: =((W103+AD103)*$W$7+(X103+AE103)*$X$7+(Y103+Z103+AF103+AG103)*$Z$7+(AA103+AH103)*$AA$7+(AB103+AI103)*$AB$7)*Zuschläge_IBN -> 0 | AV103: =AK103*$AK$7+AL103*$AL$7+AM103*$AM$7+SUM(AN103:AR103)*(1+Gewinn)*(1+SicherheitAngebot)+AT103/Zuschläge_IBN+AT103 -> 0 | AX103: =U103+AV103 -> 0 | AZ103: =U103/(1+SicherheitAngebot)*(1+Sicherheit) -> 0 | BB103: =AV103/(1+SicherheitAngebot)*(1+Sicherheit) -> 0 | BD103: =AZ103+BB103 -> 0
R104: =P104*(1+Gewinn)*(1+SicherheitAngebot) -> 0 | S104: =Q104*(1+MGKZ)*(1+Gewinn)*(1+SicherheitAngebot) -> 0 | U104: =I104*$I$7+J104*$J$7+K104*$K$7+L104*$L$7+M104*$M$7+N104*$N$7+O104*$O$7+R104+S104 -> 0 | AT104: =((W104+AD104)*$W$7+(X104+AE104)*$X$7+(Y104+Z104+AF104+AG104)*$Z$7+(AA104+AH104)*$AA$7+(AB104+AI104)*$AB$7)*Zuschläge_IBN -> 0 | AV104: =AK104*$AK$7+AL104*$AL$7+AM104*$AM$7+SUM(AN104:AR104)*(1+Gewinn)*(1+SicherheitAngebot)+AT104/Zuschläge_IBN+AT104 -> 0 | AX104: =U104+AV104 -> 0 | AZ104: =U104/(1+SicherheitAngebot)*(1+Sicherheit) -> 0 | BB104: =AV104/(1+SicherheitAngebot)*(1+Sicherheit) -> 0 | BD104: =AZ104+BB104 -> 0
R105: =P105*(1+Gewinn)*(1+SicherheitAngebot) -> 0 | S105: =Q105*(1+MGKZ)*(1+Gewinn)*(1+SicherheitAngebot) -> 0 | U105: =I105*$I$7+J105*$J$7+K105*$K$7+L105*$L$7+M105*$M$7+N105*$N$7+O105*$O$7+R105+S105 -> 0 | AT105: =((W105+AD105)*$W$7+(X105+AE105)*$X$7+(Y105+Z105+AF105+AG105)*$Z$7+(AA105+AH105)*$AA$7+(AB105+AI105)*$AB$7)*Zuschläge_IBN -> 0 | AV105: =AK105*$AK$7+AL105*$AL$7+AM105*$AM$7+SUM(AN105:AR105)*(1+Gewinn)*(1+SicherheitAngebot)+AT105/Zuschläge_IBN+AT105 -> 0 | AX105: =U105+AV105 -> 0 | AZ105: =U105/(1+SicherheitAngebot)*(1+Sicherheit) -> 0 | BB105: =AV105/(1+SicherheitAngebot)*(1+Sicherheit) -> 0 | BD105: =AZ105+BB105 -> 0
R106: =P106*(1+Gewinn)*(1+SicherheitAngebot) -> 0 | S106: =Q106*(1+MGKZ)*(1+Gewinn)*(1+SicherheitAngebot) -> 0 | U106: =I106*$I$7+J106*$J$7+K106*$K$7+L106*$L$7+M106*$M$7+N106*$N$7+O106*$O$7+R106+S106 -> 0 | AT106: =((W106+AD106)*$W$7+(X106+AE106)*$X$7+(Y106+Z106+AF106+AG106)*$Z$7+(AA106+AH106)*$AA$7+(AB106+AI106)*$AB$7)*Zuschläge_IBN -> 0 | AV106: =AK106*$AK$7+AL106*$AL$7+AM106*$AM$7+SUM(AN106:AR106)*(1+Gewinn)*(1+SicherheitAngebot)+AT106/Zuschläge_IBN+AT106 -> 0 | AX106: =U106+AV106 -> 0 | AZ106: =U106/(1+SicherheitAngebot)*(1+Sicherheit) -> 0 | BB106: =AV106/(1+SicherheitAngebot)*(1+Sicherheit) -> 0 | BD106: =AZ106+BB106 -> 0
R107: =P107*(1+Gewinn)*(1+SicherheitAngebot) -> 0 | S107: =Q107*(1+MGKZ)*(1+Gewinn)*(1+SicherheitAngebot) -> 0 | U107: =I107*$I$7+J107*$J$7+K107*$K$7+L107*$L$7+M107*$M$7+N107*$N$7+O107*$O$7+R107+S107 -> 0 | AT107: =((W107+AD107)*$W$7+(X107+AE107)*$X$7+(Y107+Z107+AF107+AG107)*$Z$7+(AA107+AH107)*$AA$7+(AB107+AI107)*$AB$7)*Zuschläge_IBN -> 0 | AV107: =AK107*$AK$7+AL107*$AL$7+AM107*$AM$7+SUM(AN107:AR107)*(1+Gewinn)*(1+SicherheitAngebot)+AT107/Zuschläge_IBN+AT107 -> 0 | AX107: =U107+AV107 -> 0 | AZ107: =U107/(1+SicherheitAngebot)*(1+Sicherheit) -> 0 | BB107: =AV107/(1+SicherheitAngebot)*(1+Sicherheit) -> 0 | BD107: =AZ107+BB107 -> 0
R108: =P108*(1+Gewinn)*(1+SicherheitAngebot) -> 0 | S108: =Q108*(1+MGKZ)*(1+Gewinn)*(1+SicherheitAngebot) -> 0 | U108: =I108*$I$7+J108*$J$7+K108*$K$7+L108*$L$7+M108*$M$7+N108*$N$7+O108*$O$7+R108+S108 -> 0 | AT108: =((W108+AD108)*$W$7+(X108+AE108)*$X$7+(Y108+Z108+AF108+AG108)*$Z$7+(AA108+AH108)*$AA$7+(AB108+AI108)*$AB$7)*Zuschläge_IBN -> 0 | AV108: =AK108*$AK$7+AL108*$AL$7+AM108*$AM$7+SUM(AN108:AR108)*(1+Gewinn)*(1+SicherheitAngebot)+AT108/Zuschläge_IBN+AT108 -> 0 | AX108: =U108+AV108 -> 0 | AZ108: =U108/(1+SicherheitAngebot)*(1+Sicherheit) -> 0 | BB108: =AV108/(1+SicherheitAngebot)*(1+Sicherheit) -> 0 | BD108: =AZ108+BB108 -> 0
...

Sheet 2
B2: M02 | C2: =Übersicht!C13 -> Additional Training in Straubing | G2: Modulkalkulation | H2: =Übersicht!F13 -> 1 | U2: =U8*$H2 -> 0 | V2: + | AV2: =AV8*$H2 -> 0 | AW2: = | AX2: =AX8*$H2 -> 0 | AZ2: =AZ8*$H2 -> 0 | BA2: + | BB2: =BB8*$H2 -> 0 | BC2: = | BD2: =BD8*$H2 -> 0
B3: =Kunde -> Dräxlmeier Satu Mare | E3: =Übersicht!E3 -> Hr. Eglseder | G3: =Revision -> MS-F_Rev.:8 / 06.03.25 / S. Schnurrenberger | AZ3: Projektnachlass:
B4: =Anlage -> Automatic Production Line for Wire Processing | AZ4: =Projektnachlass -> 0.11114475
B5: =Angebotsnummer -> A07616000A | D5: =Datum -> 45825 | E5: =Bearbeiter -> Schötz/Radlbeck | I5: Arbeitszeiten im Haus | W5: Arbeitszeiten vor Ort | AD5: Reisezeiten | AK5: Auslösen, Hotel, Anfahrt, Flüge...
C6: Bemerkung bzw. Layout/Bild | I6: =I8*I7 -> 0 | J6: =J8*J7 -> 0 | K6: =K8*K7 -> 0 | L6: =L8*L7 -> 0 | M6: =M8*M7 -> 0 | N6: =N8*N7 -> 0 | O6: =O8*O7 -> 0 | P6: Summen in € | R6: =SUM(R12,R29,R46,R63,R80,R97,R114,R131,R148,R165,R182,R199,R216,R233,R250,R267,R284,R301,R318,R335,R352,R369,R386,R403,R420,R437,R454,R471,R488,R505) -> 0 | S6: =SUM(S12,S29,S46,S63,S80,S97,S114,S131,S148,S165,S182,S199,S216,S233,S250,S267,S284,S301,S318,S335,S352,S369,S386,S403,S420,S437,S454,S471,S488,S505) -> 0 | W6: =W8*W7 -> 0 | X6: =X8*X7 -> 0 | Y6: =Y8*Y7 -> 0 | Z6: =Z8*Z7 -> 0 | AA6: =AA8*AA7 -> 0 | AB6: =AB8*AB7 -> 0 | AD6: =AD8*AD7 -> 0 | AE6: =AE8*AE7 -> 0 | AF6: =AF8*AF7 -> 0 | AG6: =AG8*AG7 -> 0 | AH6: =AH8*AH7 -> 0 | AI6: =AI8*AI7 -> 0 | AK6: =AK8*AK7 -> 0 | AL6: =AL8*AL7 -> 0 | AM6: =AM8*AM7 -> 0 | AN6: =SUM(AN12,AN29,AN46,AN63,AN80,AN97,AN114,AN131,AN148,AN165,AN182,AN199,AN216,AN233,AN250,AN267,AN284,AN301,AN318,AN335,AN352,AN369,AN386,AN403,AN420,AN437,AN454,AN471,AN488,AN505) -> 0 | AO6: =SUM(AO12,AO29,AO46,AO63,AO80,AO97,AO114,AO131,AO148,AO165,AO182,AO199,AO216,AO233,AO250,AO267,AO284,AO301,AO318,AO335,AO352,AO369,AO386,AO403,AO420,AO437,AO454,AO471,AO488,AO505) -> 0 | AP6: =SUM(AP12,AP29,AP46,AP63,AP80,AP97,AP114,AP131,AP148,AP165,AP182,AP199,AP216,AP233,AP250,AP267,AP284,AP301,AP318,AP335,AP352,AP369,AP386,AP403,AP420,AP437,AP454,AP471,AP488,AP505) -> 0 | AQ6: =SUM(AQ12,AQ29,AQ46,AQ63,AQ80,AQ97,AQ114,AQ131,AQ148,AQ165,AQ182,AQ199,AQ216,AQ233,AQ250,AQ267,AQ284,AQ301,AQ318,AQ335,AQ352,AQ369,AQ386,AQ403,AQ420,AQ437,AQ454,AQ471,AQ488,AQ505) -> 0 | AR6: =SUM(AR12,AR29,AR46,AR63,AR80,AR97,AR114,AR131,AR148,AR165,AR182,AR199,AR216,AR233,AR250,AR267,AR284,AR301,AR318,AR335,AR352,AR369,AR386,AR403,AR420,AR437,AR454,AR471,AR488,AR505) -> 0 | AT6: =SUM(AT12,AT29,AT46,AT63,AT80,AT97,AT114,AT131,AT148,AT165,AT182,AT199,AT216,AT233,AT250,AT267,AT284,AT301,AT318,AT335,AT352,AT369,AT386,AT403,AT420,AT437,AT454,AT471,AT488,AT505) -> 0
I7: =Pl*(1+Gewinn)*(1+SicherheitAngebot) -> 110 | J7: =MKo*(1+Gewinn)*(1+SicherheitAngebot) -> 100 | K7: =EKo*(1+Gewinn)*(1+SicherheitAngebot) -> 92 | L7: =Sw*(1+Gewinn)*(1+SicherheitAngebot) -> 105 | M7: =Inb*(1+Gewinn)*(1+SicherheitAngebot) -> 105 | N7: =El*(1+Gewinn)*(1+SicherheitAngebot) -> 82 | O7: =Mo*(1+Gewinn)*(1+SicherheitAngebot) -> 82 | P7: Gewinn | Q7: =Gewinn -> 0 | R7: =TF*(1+Gewinn)*(1+SicherheitAngebot) -> 85 | S7: MGKZ | U7: Einzelpreis | W7: =Pl*(1+Gewinn)*(1+SicherheitAngebot) -> 110 | X7: =MKo*(1+Gewinn)*(1+SicherheitAngebot) -> 100 | Y7: =Inb*(1+Gewinn)*(1+SicherheitAngebot) -> 105 | Z7: =Inb*(1+Gewinn)*(1+SicherheitAngebot) -> 105 | AA7: =El*(1+Gewinn)*(1+SicherheitAngebot) -> 82 | AB7: =Mo*(1+Gewinn)*(1+SicherheitAngebot) -> 82 | AD7: =Pl*(1+Gewinn)*(1+SicherheitAngebot) -> 110 | AE7: =MKo*(1+Gewinn)*(1+SicherheitAngebot) -> 100 | AF7: =Inb*(1+Gewinn)*(1+SicherheitAngebot) -> 105 | AG7: =Inb*(1+Gewinn)*(1+SicherheitAngebot) -> 105 | AH7: =El*(1+Gewinn)*(1+SicherheitAngebot) -> 82 | AI7: =Mo*(1+Gewinn)*(1+SicherheitAngebot) -> 82 | AK7: =Auslöse*(1+Gewinn)*(1+SicherheitAngebot) -> 52 | AL7: =Hotel*(1+Gewinn)*(1+SicherheitAngebot) -> 100 | AM7: =KM_Pauschale*(1+Gewinn)*(1+SicherheitAngebot) -> 0.6 | AN7: Flüge | AO7: Taxi | AP7: Leihauto | AQ7: Bus/Zug/F | AR7: Sonstiges | AT7: =Zuschläge_IBN -> 0.25 | AV7: Einzelpreis | AX7: Einzelpreis | AZ7: Einzelpreis | BB7: Einzelpreis | BD7: Einzelpreis
I8: =SUM(I12,I29,I46,I63,I80,I97,I114,I131,I148,I165,I182,I199,I216,I233,I250,I267,I284,I301,I318,I335,I352,I369,I386,I403,I420,I437,I454,I471,I488,I505) -> 0 | J8: =SUM(J12,J29,J46,J63,J80,J97,J114,J131,J148,J165,J182,J199,J216,J233,J250,J267,J284,J301,J318,J335,J352,J369,J386,J403,J420,J437,J454,J471,J488,J505) -> 0 | K8: =SUM(K12,K29,K46,K63,K80,K97,K114,K131,K148,K165,K182,K199,K216,K233,K250,K267,K284,K301,K318,K335,K352,K369,K386,K403,K420,K437,K454,K471,K488,K505) -> 0 | L8: =SUM(L12,L29,L46,L63,L80,L97,L114,L131,L148,L165,L182,L199,L216,L233,L250,L267,L284,L301,L318,L335,L352,L369,L386,L403,L420,L437,L454,L471,L488,L505) -> 0 | M8: =SUM(M12,M29,M46,M63,M80,M97,M114,M131,M148,M165,M182,M199,M216,M233,M250,M267,M284,M301,M318,M335,M352,M369,M386,M403,M420,M437,M454,M471,M488,M505) -> 0 | N8: =SUM(N12,N29,N46,N63,N80,N97,N114,N131,N148,N165,N182,N199,N216,N233,N250,N267,N284,N301,N318,N335,N352,N369,N386,N403,N420,N437,N454,N471,N488,N505) -> 0 | O8: =SUM(O12,O29,O46,O63,O80,O97,O114,O131,O148,O165,O182,O199,O216,O233,O250,O267,O284,O301,O318,O335,O352,O369,O386,O403,O420,O437,O454,O471,O488,O505) -> 0 | P8: Sicherheit | Q8: =SicherheitAngebot -> 0 | R8: =R6/R7 -> 0 | S8: =MGKZ -> 0.1 | U8: =SUM(U12,U29,U46,U63,U80,U97,U114,U131,U148,U165,U182,U199,U216,U233,U250,U267,U284,U301,U318,U335,U352,U369,U386,U403,U420,U437,U454,U471,U488,U505) -> 0 | V8: + | W8: =SUM(W12,W29,W46,W63,W80,W97,W114,W131,W148,W165,W182,W199,W216,W233,W250,W267,W284,W301,W318,W335,W352,W369,W386,W403,W420,W437,W454,W471,W488,W505) -> 0 | X8: =SUM(X12,X29,X46,X63,X80,X97,X114,X131,X148,X165,X182,X199,X216,X233,X250,X267,X284,X301,X318,X335,X352,X369,X386,X403,X420,X437,X454,X471,X488,X505) -> 0 | Y8: =SUM(Y12,Y29,Y46,Y63,Y80,Y97,Y114,Y131,Y148,Y165,Y182,Y199,Y216,Y233,Y250,Y267,Y284,Y301,Y318,Y335,Y352,Y369,Y386,Y403,Y420,Y437,Y454,Y471,Y488,Y505) -> 0 | Z8: =SUM(Z12,Z29,Z46,Z63,Z80,Z97,Z114,Z131,Z148,Z165,Z182,Z199,Z216,Z233,Z250,Z267,Z284,Z301,Z318,Z335,Z352,Z369,Z386,Z403,Z420,Z437,Z454,Z471,Z488,Z505) -> 0 | AA8: =SUM(AA12,AA29,AA46,AA63,AA80,AA97,AA114,AA131,AA148,AA165,AA182,AA199,AA216,AA233,AA250,AA267,AA284,AA301,AA318,AA335,AA352,AA369,AA386,AA403,AA420,AA437,AA454,AA471,AA488,AA505) -> 0 | AB8: =SUM(AB12,AB29,AB46,AB63,AB80,AB97,AB114,AB131,AB148,AB165,AB182,AB199,AB216,AB233,AB250,AB267,AB284,AB301,AB318,AB335,AB352,AB369,AB386,AB403,AB420,AB437,AB454,AB471,AB488,AB505) -> 0 | AD8: =SUM(AD12,AD29,AD46,AD63,AD80,AD97,AD114,AD131,AD148,AD165,AD182,AD199,AD216,AD233,AD250,AD267,AD284,AD301,AD318,AD335,AD352,AD369,AD386,AD403,AD420,AD437,AD454,AD471,AD488,AD505) -> 0 | AE8: =SUM(AE12,AE29,AE46,AE63,AE80,AE97,AE114,AE131,AE148,AE165,AE182,AE199,AE216,AE233,AE250,AE267,AE284,AE301,AE318,AE335,AE352,AE369,AE386,AE403,AE420,AE437,AE454,AE471,AE488,AE505) -> 0 | AF8: =SUM(AF12,AF29,AF46,AF63,AF80,AF97,AF114,AF131,AF148,AF165,AF182,AF199,AF216,AF233,AF250,AF267,AF284,AF301,AF318,AF335,AF352,AF369,AF386,AF403,AF420,AF437,AF454,AF471,AF488,AF505) -> 0 | AG8: =SUM(AG12,AG29,AG46,AG63,AG80,AG97,AG114,AG131,AG148,AG165,AG182,AG199,AG216,AG233,AG250,AG267,AG284,AG301,AG318,AG335,AG352,AG369,AG386,AG403,AG420,AG437,AG454,AG471,AG488,AG505) -> 0 | AH8: =SUM(AH12,AH29,AH46,AH63,AH80,AH97,AH114,AH131,AH148,AH165,AH182,AH199,AH216,AH233,AH250,AH267,AH284,AH301,AH318,AH335,AH352,AH369,AH386,AH403,AH420,AH437,AH454,AH471,AH488,AH505) -> 0 | AI8: =SUM(AI12,AI29,AI46,AI63,AI80,AI97,AI114,AI131,AI148,AI165,AI182,AI199,AI216,AI233,AI250,AI267,AI284,AI301,AI318,AI335,AI352,AI369,AI386,AI403,AI420,AI437,AI454,AI471,AI488,AI505) -> 0 | AK8: =SUM(AK12,AK29,AK46,AK63,AK80,AK97,AK114,AK131,AK148,AK165,AK182,AK199,AK216,AK233,AK250,AK267,AK284,AK301,AK318,AK335,AK352,AK369,AK386,AK403,AK420,AK437,AK454,AK471,AK488,AK505) -> 0 | AL8: =SUM(AL12,AL29,AL46,AL63,AL80,AL97,AL114,AL131,AL148,AL165,AL182,AL199,AL216,AL233,AL250,AL267,AL284,AL301,AL318,AL335,AL352,AL369,AL386,AL403,AL420,AL437,AL454,AL471,AL488,AL505) -> 0 | AM8: =SUM(AM12,AM29,AM46,AM63,AM80,AM97,AM114,AM131,AM148,AM165,AM182,AM199,AM216,AM233,AM250,AM267,AM284,AM301,AM318,AM335,AM352,AM369,AM386,AM403,AM420,AM437,AM454,AM471,AM488,AM505) -> 0 | AV8: =SUM(AV12,AV29,AV46,AV63,AV80,AV97,AV114,AV131,AV148,AV165,AV182,AV199,AV216,AV233,AV250,AV267,AV284,AV301,AV318,AV335,AV352,AV369,AV386,AV403,AV420,AV437,AV454,AV471,AV488,AV505) -> 0 | AW8: = | AX8: =SUM(AX12,AX29,AX46,AX63,AX80,AX97,AX114,AX131,AX148,AX165,AX182,AX199,AX216,AX233,AX250,AX267,AX284,AX301,AX318,AX335,AX352,AX369,AX386,AX403,AX420,AX437,AX454,AX471,AX488,AX505) -> 0 | AZ8: =SUM(AZ12,AZ29,AZ46,AZ63,AZ80,AZ97,AZ114,AZ131,AZ148,AZ165,AZ182,AZ199,AZ216,AZ233,AZ250,AZ267,AZ284,AZ301,AZ318,AZ335,AZ352,AZ369,AZ386,AZ403,AZ420,AZ437,AZ454,AZ471,AZ488,AZ505) -> 0 | BA8: + | BB8: =SUM(BB12,BB29,BB46,BB63,BB80,BB97,BB114,BB131,BB148,BB165,BB182,BB199,BB216,BB233,BB250,BB267,BB284,BB301,BB318,BB335,BB352,BB369,BB386,BB403,BB420,BB437,BB454,BB471,BB488,BB505) -> 0 | BC8: = | BD8: =SUM(BD12,BD29,BD46,BD63,BD80,BD97,BD114,BD131,BD148,BD165,BD182,BD199,BD216,BD233,BD250,BD267,BD284,BD301,BD318,BD335,BD352,BD369,BD386,BD403,BD420,BD437,BD454,BD471,BD488,BD505) -> 0
B10: Pos | C10: Bezeichnung | G10: Bemerkung | H10: Stück | I10: Pl | J10: MK | K10: EKo | L10: Sw | M10: Inb | N10: El | O10: Mo | P10: TF netto | Q10: KT netto | R10: TF | S10: KT | U10: Summe | W10: Pl | X10: MKo | Y10: EKo | Z10: Inb | AA10: El | AB10: Mo | AD10: Pl | AE10: MKo | AF10: EKo | AG10: Inb | AH10: El | AI10: Mo | AK10: Auslöse | AL10: Hotel | AM10: Anfahrt-km | AN10: Flugkosten | AO10: Taxi | AP10: Leihauto | AQ10: Bus/Zug... | AR10: Sonstiges | AT10: Zuschläge | AV10: IBN | AX10: Angebot | AZ10: Summe % | BB10: IBN % | BD10: Angebot %
B12: 1 | H12: 1 | I12: =$H12*SUM(I13:I27) -> 0 | J12: =$H12*SUM(J13:J27) -> 0 | K12: =$H12*SUM(K13:K27) -> 0 | L12: =$H12*SUM(L13:L27) -> 0 | M12: =$H12*SUM(M13:M27) -> 0 | N12: =$H12*SUM(N13:N27) -> 0 | O12: =$H12*SUM(O13:O27) -> 0 | P12: =$H12*SUM(P13:P27) -> 0 | Q12: =$H12*SUM(Q13:Q27) -> 0 | R12: =P12*(1+Gewinn)*(1+SicherheitAngebot) -> 0 | S12: =Q12*(1+MGKZ)*(1+Gewinn)*(1+SicherheitAngebot) -> 0 | U12: =I12*$I$7+J12*$J$7+K12*$K$7+L12*$L$7+M12*$M$7+N12*$N$7+O12*$O$7+R12+S12 -> 0 | W12: =$H12*SUM(W13:W27) -> 0 | X12: =$H12*SUM(X13:X27) -> 0 | Y12: =$H12*SUM(Y13:Y27) -> 0 | Z12: =$H12*SUM(Z13:Z27) -> 0 | AA12: =$H12*SUM(AA13:AA27) -> 0 | AB12: =$H12*SUM(AB13:AB27) -> 0 | AD12: =$H12*SUM(AD13:AD27) -> 0 | AE12: =$H12*SUM(AE13:AE27) -> 0 | AF12: =$H12*SUM(AF13:AF27) -> 0 | AG12: =$H12*SUM(AG13:AG27) -> 0 | AH12: =$H12*SUM(AH13:AH27) -> 0 | AI12: =$H12*SUM(AI13:AI27) -> 0 | AK12: =$H12*SUM(AK13:AK27) -> 0 | AL12: =$H12*SUM(AL13:AL27) -> 0 | AM12: =$H12*SUM(AM13:AM27) -> 0 | AN12: =$H12*SUM(AN13:AN27)*(1+Gewinn)*(1+SicherheitAngebot) -> 0 | AO12: =$H12*SUM(AO13:AO27)*(1+Gewinn)*(1+SicherheitAngebot) -> 0 | AP12: =$H12*SUM(AP13:AP27)*(1+Gewinn)*(1+SicherheitAngebot) -> 0 | AQ12: =$H12*SUM(AQ13:AQ27)*(1+Gewinn)*(1+SicherheitAngebot) -> 0 | AR12: =$H12*SUM(AR13:AR27)*(1+Gewinn)*(1+SicherheitAngebot) -> 0 | AT12: =((W12+AD12)*$W$7+(X12+AE12)*$X$7+(Y12+Z12+AF12+AG12)*$Z$7+(AA12+AH12)*$AA$7+(AB12+AI12)*$AB$7)*Zuschläge_IBN -> 0 | AV12: =AK12*$AK$7+AL12*$AL$7+AM12*$AM$7+SUM(AN12:AR12)+AT12/Zuschläge_IBN+AT12 -> 0 | AX12: =U12+AV12 -> 0 | AZ12: =IF(H12>0,U12/(1+SicherheitAngebot)*(1+Sicherheit),0) -> 0 | BB12: =IF(H12>0,AV12/(1+SicherheitAngebot)*(1+Sicherheit),0) -> 0 | BD12: =AZ12+BB12 -> 0
R13: =P13*(1+Gewinn)*(1+SicherheitAngebot) -> 0 | S13: =Q13*(1+MGKZ)*(1+Gewinn)*(1+SicherheitAngebot) -> 0 | U13: =I13*$I$7+J13*$J$7+K13*$K$7+L13*$L$7+M13*$M$7+N13*$N$7+O13*$O$7+R13+S13 -> 0 | AT13: =((W13+AD13)*$W$7+(X13+AE13)*$X$7+(Y13+Z13+AF13+AG13)*$Z$7+(AA13+AH13)*$AA$7+(AB13+AI13)*$AB$7)*Zuschläge_IBN -> 0 | AV13: =AK13*$AK$7+AL13*$AL$7+AM13*$AM$7+SUM(AN13:AR13)*(1+Gewinn)*(1+SicherheitAngebot)+AT13/Zuschläge_IBN+AT13 -> 0 | AX13: =U13+AV13 -> 0 | AZ13: =U13/(1+SicherheitAngebot)*(1+Sicherheit) -> 0 | BB13: =AV13/(1+SicherheitAngebot)*(1+Sicherheit) -> 0 | BD13: =AZ13+BB13 -> 0
R14: =P14*(1+Gewinn)*(1+SicherheitAngebot) -> 0 | S14: =Q14*(1+MGKZ)*(1+Gewinn)*(1+SicherheitAngebot) -> 0 | U14: =I14*$I$7+J14*$J$7+K14*$K$7+L14*$L$7+M14*$M$7+N14*$N$7+O14*$O$7+R14+S14 -> 0 | AT14: =((W14+AD14)*$W$7+(X14+AE14)*$X$7+(Y14+Z14+AF14+AG14)*$Z$7+(AA14+AH14)*$AA$7+(AB14+AI14)*$AB$7)*Zuschläge_IBN -> 0 | AV14: =AK14*$AK$7+AL14*$AL$7+AM14*$AM$7+SUM(AN14:AR14)*(1+Gewinn)*(1+SicherheitAngebot)+AT14/Zuschläge_IBN+AT14 -> 0 | AX14: =U14+AV14 -> 0 | AZ14: =U14/(1+SicherheitAngebot)*(1+Sicherheit) -> 0 | BB14: =AV14/(1+SicherheitAngebot)*(1+Sicherheit) -> 0 | BD14: =AZ14+BB14 -> 0
R15: =P15*(1+Gewinn)*(1+SicherheitAngebot) -> 0 | S15: =Q15*(1+MGKZ)*(1+Gewinn)*(1+SicherheitAngebot) -> 0 | U15: =I15*$I$7+J15*$J$7+K15*$K$7+L15*$L$7+M15*$M$7+N15*$N$7+O15*$O$7+R15+S15 -> 0 | AT15: =((W15+AD15)*$W$7+(X15+AE15)*$X$7+(Y15+Z15+AF15+AG15)*$Z$7+(AA15+AH15)*$AA$7+(AB15+AI15)*$AB$7)*Zuschläge_IBN -> 0 | AV15: =AK15*$AK$7+AL15*$AL$7+AM15*$AM$7+SUM(AN15:AR15)*(1+Gewinn)*(1+SicherheitAngebot)+AT15/Zuschläge_IBN+AT15 -> 0 | AX15: =U15+AV15 -> 0 | AZ15: =U15/(1+SicherheitAngebot)*(1+Sicherheit) -> 0 | BB15: =AV15/(1+SicherheitAngebot)*(1+Sicherheit) -> 0 | BD15: =AZ15+BB15 -> 0
R16: =P16*(1+Gewinn)*(1+SicherheitAngebot) -> 0 | S16: =Q16*(1+MGKZ)*(1+Gewinn)*(1+SicherheitAngebot) -> 0 | U16: =I16*$I$7+J16*$J$7+K16*$K$7+L16*$L$7+M16*$M$7+N16*$N$7+O16*$O$7+R16+S16 -> 0 | AT16: =((W16+AD16)*$W$7+(X16+AE16)*$X$7+(Y16+Z16+AF16+AG16)*$Z$7+(AA16+AH16)*$AA$7+(AB16+AI16)*$AB$7)*Zuschläge_IBN -> 0 | AV16: =AK16*$AK$7+AL16*$AL$7+AM16*$AM$7+SUM(AN16:AR16)*(1+Gewinn)*(1+SicherheitAngebot)+AT16/Zuschläge_IBN+AT16 -> 0 | AX16: =U16+AV16 -> 0 | AZ16: =U16/(1+SicherheitAngebot)*(1+Sicherheit) -> 0 | BB16: =AV16/(1+SicherheitAngebot)*(1+Sicherheit) -> 0 | BD16: =AZ16+BB16 -> 0
R17: =P17*(1+Gewinn)*(1+SicherheitAngebot) -> 0 | S17: =Q17*(1+MGKZ)*(1+Gewinn)*(1+SicherheitAngebot) -> 0 | U17: =I17*$I$7+J17*$J$7+K17*$K$7+L17*$L$7+M17*$M$7+N17*$N$7+O17*$O$7+R17+S17 -> 0 | AT17: =((W17+AD17)*$W$7+(X17+AE17)*$X$7+(Y17+Z17+AF17+AG17)*$Z$7+(AA17+AH17)*$AA$7+(AB17+AI17)*$AB$7)*Zuschläge_IBN -> 0 | AV17: =AK17*$AK$7+AL17*$AL$7+AM17*$AM$7+SUM(AN17:AR17)*(1+Gewinn)*(1+SicherheitAngebot)+AT17/Zuschläge_IBN+AT17 -> 0 | AX17: =U17+AV17 -> 0 | AZ17: =U17/(1+SicherheitAngebot)*(1+Sicherheit) -> 0 | BB17: =AV17/(1+SicherheitAngebot)*(1+Sicherheit) -> 0 | BD17: =AZ17+BB17 -> 0
R18: =P18*(1+Gewinn)*(1+SicherheitAngebot) -> 0 | S18: =Q18*(1+MGKZ)*(1+Gewinn)*(1+SicherheitAngebot) -> 0 | U18: =I18*$I$7+J18*$J$7+K18*$K$7+L18*$L$7+M18*$M$7+N18*$N$7+O18*$O$7+R18+S18 -> 0 | AT18: =((W18+AD18)*$W$7+(X18+AE18)*$X$7+(Y18+Z18+AF18+AG18)*$Z$7+(AA18+AH18)*$AA$7+(AB18+AI18)*$AB$7)*Zuschläge_IBN -> 0 | AV18: =AK18*$AK$7+AL18*$AL$7+AM18*$AM$7+SUM(AN18:AR18)*(1+Gewinn)*(1+SicherheitAngebot)+AT18/Zuschläge_IBN+AT18 -> 0 | AX18: =U18+AV18 -> 0 | AZ18: =U18/(1+SicherheitAngebot)*(1+Sicherheit) -> 0 | BB18: =AV18/(1+SicherheitAngebot)*(1+Sicherheit) -> 0 | BD18: =AZ18+BB18 -> 0
R19: =P19*(1+Gewinn)*(1+SicherheitAngebot) -> 0 | S19: =Q19*(1+MGKZ)*(1+Gewinn)*(1+SicherheitAngebot) -> 0 | U19: =I19*$I$7+J19*$J$7+K19*$K$7+L19*$L$7+M19*$M$7+N19*$N$7+O19*$O$7+R19+S19 -> 0 | AT19: =((W19+AD19)*$W$7+(X19+AE19)*$X$7+(Y19+Z19+AF19+AG19)*$Z$7+(AA19+AH19)*$AA$7+(AB19+AI19)*$AB$7)*Zuschläge_IBN -> 0 | AV19: =AK19*$AK$7+AL19*$AL$7+AM19*$AM$7+SUM(AN19:AR19)*(1+Gewinn)*(1+SicherheitAngebot)+AT19/Zuschläge_IBN+AT19 -> 0 | AX19: =U19+AV19 -> 0 | AZ19: =U19/(1+SicherheitAngebot)*(1+Sicherheit) -> 0 | BB19: =AV19/(1+SicherheitAngebot)*(1+Sicherheit) -> 0 | BD19: =AZ19+BB19 -> 0
R20: =P20*(1+Gewinn)*(1+SicherheitAngebot) -> 0 | S20: =Q20*(1+MGKZ)*(1+Gewinn)*(1+SicherheitAngebot) -> 0 | U20: =I20*$I$7+J20*$J$7+K20*$K$7+L20*$L$7+M20*$M$7+N20*$N$7+O20*$O$7+R20+S20 -> 0 | AT20: =((W20+AD20)*$W$7+(X20+AE20)*$X$7+(Y20+Z20+AF20+AG20)*$Z$7+(AA20+AH20)*$AA$7+(AB20+AI20)*$AB$7)*Zuschläge_IBN -> 0 | AV20: =AK20*$AK$7+AL20*$AL$7+AM20*$AM$7+SUM(AN20:AR20)*(1+Gewinn)*(1+SicherheitAngebot)+AT20/Zuschläge_IBN+AT20 -> 0 | AX20: =U20+AV20 -> 0 | AZ20: =U20/(1+SicherheitAngebot)*(1+Sicherheit) -> 0 | BB20: =AV20/(1+SicherheitAngebot)*(1+Sicherheit) -> 0 | BD20: =AZ20+BB20 -> 0
R21: =P21*(1+Gewinn)*(1+SicherheitAngebot) -> 0 | S21: =Q21*(1+MGKZ)*(1+Gewinn)*(1+SicherheitAngebot) -> 0 | U21: =I21*$I$7+J21*$J$7+K21*$K$7+L21*$L$7+M21*$M$7+N21*$N$7+O21*$O$7+R21+S21 -> 0 | AT21: =((W21+AD21)*$W$7+(X21+AE21)*$X$7+(Y21+Z21+AF21+AG21)*$Z$7+(AA21+AH21)*$AA$7+(AB21+AI21)*$AB$7)*Zuschläge_IBN -> 0 | AV21: =AK21*$AK$7+AL21*$AL$7+AM21*$AM$7+SUM(AN21:AR21)*(1+Gewinn)*(1+SicherheitAngebot)+AT21/Zuschläge_IBN+AT21 -> 0 | AX21: =U21+AV21 -> 0 | AZ21: =U21/(1+SicherheitAngebot)*(1+Sicherheit) -> 0 | BB21: =AV21/(1+SicherheitAngebot)*(1+Sicherheit) -> 0 | BD21: =AZ21+BB21 -> 0
R22: =P22*(1+Gewinn)*(1+SicherheitAngebot) -> 0 | S22: =Q22*(1+MGKZ)*(1+Gewinn)*(1+SicherheitAngebot) -> 0 | U22: =I22*$I$7+J22*$J$7+K22*$K$7+L22*$L$7+M22*$M$7+N22*$N$7+O22*$O$7+R22+S22 -> 0 | AT22: =((W22+AD22)*$W$7+(X22+AE22)*$X$7+(Y22+Z22+AF22+AG22)*$Z$7+(AA22+AH22)*$AA$7+(AB22+AI22)*$AB$7)*Zuschläge_IBN -> 0 | AV22: =AK22*$AK$7+AL22*$AL$7+AM22*$AM$7+SUM(AN22:AR22)*(1+Gewinn)*(1+SicherheitAngebot)+AT22/Zuschläge_IBN+AT22 -> 0 | AX22: =U22+AV22 -> 0 | AZ22: =U22/(1+SicherheitAngebot)*(1+Sicherheit) -> 0 | BB22: =AV22/(1+SicherheitAngebot)*(1+Sicherheit) -> 0 | BD22: =AZ22+BB22 -> 0
R23: =P23*(1+Gewinn)*(1+SicherheitAngebot) -> 0 | S23: =Q23*(1+MGKZ)*(1+Gewinn)*(1+SicherheitAngebot) -> 0 | U23: =I23*$I$7+J23*$J$7+K23*$K$7+L23*$L$7+M23*$M$7+N23*$N$7+O23*$O$7+R23+S23 -> 0 | AT23: =((W23+AD23)*$W$7+(X23+AE23)*$X$7+(Y23+Z23+AF23+AG23)*$Z$7+(AA23+AH23)*$AA$7+(AB23+AI23)*$AB$7)*Zuschläge_IBN -> 0 | AV23: =AK23*$AK$7+AL23*$AL$7+AM23*$AM$7+SUM(AN23:AR23)*(1+Gewinn)*(1+SicherheitAngebot)+AT23/Zuschläge_IBN+AT23 -> 0 | AX23: =U23+AV23 -> 0 | AZ23: =U23/(1+SicherheitAngebot)*(1+Sicherheit) -> 0 | BB23: =AV23/(1+SicherheitAngebot)*(1+Sicherheit) -> 0 | BD23: =AZ23+BB23 -> 0
R24: =P24*(1+Gewinn)*(1+SicherheitAngebot) -> 0 | S24: =Q24*(1+MGKZ)*(1+Gewinn)*(1+SicherheitAngebot) -> 0 | U24: =I24*$I$7+J24*$J$7+K24*$K$7+L24*$L$7+M24*$M$7+N24*$N$7+O24*$O$7+R24+S24 -> 0 | AT24: =((W24+AD24)*$W$7+(X24+AE24)*$X$7+(Y24+Z24+AF24+AG24)*$Z$7+(AA24+AH24)*$AA$7+(AB24+AI24)*$AB$7)*Zuschläge_IBN -> 0 | AV24: =AK24*$AK$7+AL24*$AL$7+AM24*$AM$7+SUM(AN24:AR24)*(1+Gewinn)*(1+SicherheitAngebot)+AT24/Zuschläge_IBN+AT24 -> 0 | AX24: =U24+AV24 -> 0 | AZ24: =U24/(1+SicherheitAngebot)*(1+Sicherheit) -> 0 | BB24: =AV24/(1+SicherheitAngebot)*(1+Sicherheit) -> 0 | BD24: =AZ24+BB24 -> 0
... R27: =P27*(1+Gewinn)*(1+SicherheitAngebot) -> 0 | S27: =Q27*(1+MGKZ)*(1+Gewinn)*(1+SicherheitAngebot) -> 0 | U27: =I27*$I$7+J27*$J$7+K27*$K$7+L27*$L$7+M27*$M$7+N27*$N$7+O27*$O$7+R27+S27 -> 0 | AT27: =((W27+AD27)*$W$7+(X27+AE27)*$X$7+(Y27+Z27+AF27+AG27)*$Z$7+(AA27+AH27)*$AA$7+(AB27+AI27)*$AB$7)*Zuschläge_IBN -> 0 | AV27: =AK27*$AK$7+AL27*$AL$7+AM27*$AM$7+SUM(AN27:AR27)*(1+Gewinn)*(1+SicherheitAngebot)+AT27/Zuschläge_IBN+AT27 -> 0 | AX27: =U27+AV27 -> 0 | AZ27: =U27/(1+SicherheitAngebot)*(1+Sicherheit) -> 0 | BB27: =AV27/(1+SicherheitAngebot)*(1+Sicherheit) -> 0 | BD27: =AZ27+BB27 -> 0
B29: =B12+1 -> 2 | H29: 1 | I29: =$H29*SUM(I30:I44) -> 0 | J29: =$H29*SUM(J30:J44) -> 0 | K29: =$H29*SUM(K30:K44) -> 0 | L29: =$H29*SUM(L30:L44) -> 0 | M29: =$H29*SUM(M30:M44) -> 0 | N29: =$H29*SUM(N30:N44) -> 0 | O29: =$H29*SUM(O30:O44) -> 0 | P29: =$H29*SUM(P30:P44) -> 0 | Q29: =$H29*SUM(Q30:Q44) -> 0 | R29: =P29*(1+Gewinn)*(1+SicherheitAngebot) -> 0 | S29: =Q29*(1+MGKZ)*(1+Gewinn)*(1+SicherheitAngebot) -> 0 | U29: =I29*$I$7+J29*$J$7+K29*$K$7+L29*$L$7+M29*$M$7+N29*$N$7+O29*$O$7+R29+S29 -> 0 | W29: =$H29*SUM(W30:W44) -> 0 | X29: =$H29*SUM(X30:X44) -> 0 | Y29: =$H29*SUM(Y30:Y44) -> 0 | Z29: =$H29*SUM(Z30:Z44) -> 0 | AA29: =$H29*SUM(AA30:AA44) -> 0 | AB29: =$H29*SUM(AB30:AB44) -> 0 | AD29: =$H29*SUM(AD30:AD44) -> 0 | AE29: =$H29*SUM(AE30:AE44) -> 0 | AF29: =$H29*SUM(AF30:AF44) -> 0 | AG29: =$H29*SUM(AG30:AG44) -> 0 | AH29: =$H29*SUM(AH30:AH44) -> 0 | AI29: =$H29*SUM(AI30:AI44) -> 0 | AK29: =$H29*SUM(AK30:AK44) -> 0 | AL29: =$H29*SUM(AL30:AL44) -> 0 | AM29: =$H29*SUM(AM30:AM44) -> 0 | AN29: =$H29*SUM(AN30:AN44)*(1+Gewinn)*(1+SicherheitAngebot) -> 0 | AO29: =$H29*SUM(AO30:AO44)*(1+Gewinn)*(1+SicherheitAngebot) -> 0 | AP29: =$H29*SUM(AP30:AP44)*(1+Gewinn)*(1+SicherheitAngebot) -> 0 | AQ29: =$H29*SUM(AQ30:AQ44)*(1+Gewinn)*(1+SicherheitAngebot) -> 0 | AR29: =$H29*SUM(AR30:AR44)*(1+Gewinn)*(1+SicherheitAngebot) -> 0 | AT29: =((W29+AD29)*$W$7+(X29+AE29)*$X$7+(Y29+Z29+AF29+AG29)*$Z$7+(AA29+AH29)*$AA$7+(AB29+AI29)*$AB$7)*Zuschläge_IBN -> 0 | AV29: =AK29*$AK$7+AL29*$AL$7+AM29*$AM$7+SUM(AN29:AR29)+AT29/Zuschläge_IBN+AT29 -> 0 | AX29: =U29+AV29 -> 0 | AZ29: =IF(H29>0,U29/(1+SicherheitAngebot)*(1+Sicherheit),0) -> 0 | BB29: =IF(H29>0,AV29/(1+SicherheitAngebot)*(1+Sicherheit),0) -> 0 | BD29: =AZ29+BB29 -> 0
R30: =P30*(1+Gewinn)*(1+SicherheitAngebot) -> 0 | S30: =Q30*(1+MGKZ)*(1+Gewinn)*(1+SicherheitAngebot) -> 0 | U30: =I30*$I$7+J30*$J$7+K30*$K$7+L30*$L$7+M30*$M$7+N30*$N$7+O30*$O$7+R30+S30 -> 0 | AT30: =((W30+AD30)*$W$7+(X30+AE30)*$X$7+(Y30+Z30+AF30+AG30)*$Z$7+(AA30+AH30)*$AA$7+(AB30+AI30)*$AB$7)*Zuschläge_IBN -> 0 | AV30: =AK30*$AK$7+AL30*$AL$7+AM30*$AM$7+SUM(AN30:AR30)*(1+Gewinn)*(1+SicherheitAngebot)+AT30/Zuschläge_IBN+AT30 -> 0 | AX30: =U30+AV30 -> 0 | AZ30: =U30/(1+SicherheitAngebot)*(1+Sicherheit) -> 0 | BB30: =AV30/(1+SicherheitAngebot)*(1+Sicherheit) -> 0 | BD30: =AZ30+BB30 -> 0
R31: =P31*(1+Gewinn)*(1+SicherheitAngebot) -> 0 | S31: =Q31*(1+MGKZ)*(1+Gewinn)*(1+SicherheitAngebot) -> 0 | U31: =I31*$I$7+J31*$J$7+K31*$K$7+L31*$L$7+M31*$M$7+N31*$N$7+O31*$O$7+R31+S31 -> 0 | AT31: =((W31+AD31)*$W$7+(X31+AE31)*$X$7+(Y31+Z31+AF31+AG31)*$Z$7+(AA31+AH31)*$AA$7+(AB31+AI31)*$AB$7)*Zuschläge_IBN -> 0 | AV31: =AK31*$AK$7+AL31*$AL$7+AM31*$AM$7+SUM(AN31:AR31)*(1+Gewinn)*(1+SicherheitAngebot)+AT31/Zuschläge_IBN+AT31 -> 0 | AX31: =U31+AV31 -> 0 | AZ31: =U31/(1+SicherheitAngebot)*(1+Sicherheit) -> 0 | BB31: =AV31/(1+SicherheitAngebot)*(1+Sicherheit) -> 0 | BD31: =AZ31+BB31 -> 0
R32: =P32*(1+Gewinn)*(1+SicherheitAngebot) -> 0 | S32: =Q32*(1+MGKZ)*(1+Gewinn)*(1+SicherheitAngebot) -> 0 | U32: =I32*$I$7+J32*$J$7+K32*$K$7+L32*$L$7+M32*$M$7+N32*$N$7+O32*$O$7+R32+S32 -> 0 | AT32: =((W32+AD32)*$W$7+(X32+AE32)*$X$7+(Y32+Z32+AF32+AG32)*$Z$7+(AA32+AH32)*$AA$7+(AB32+AI32)*$AB$7)*Zuschläge_IBN -> 0 | AV32: =AK32*$AK$7+AL32*$AL$7+AM32*$AM$7+SUM(AN32:AR32)*(1+Gewinn)*(1+SicherheitAngebot)+AT32/Zuschläge_IBN+AT32 -> 0 | AX32: =U32+AV32 -> 0 | AZ32: =U32/(1+SicherheitAngebot)*(1+Sicherheit) -> 0 | BB32: =AV32/(1+SicherheitAngebot)*(1+Sicherheit) -> 0 | BD32: =AZ32+BB32 -> 0
R33: =P33*(1+Gewinn)*(1+SicherheitAngebot) -> 0 | S33: =Q33*(1+MGKZ)*(1+Gewinn)*(1+SicherheitAngebot) -> 0 | U33: =I33*$I$7+J33*$J$7+K33*$K$7+L33*$L$7+M33*$M$7+N33*$N$7+O33*$O$7+R33+S33 -> 0 | AT33: =((W33+AD33)*$W$7+(X33+AE33)*$X$7+(Y33+Z33+AF33+AG33)*$Z$7+(AA33+AH33)*$AA$7+(AB33+AI33)*$AB$7)*Zuschläge_IBN -> 0 | AV33: =AK33*$AK$7+AL33*$AL$7+AM33*$AM$7+SUM(AN33:AR33)*(1+Gewinn)*(1+SicherheitAngebot)+AT33/Zuschläge_IBN+AT33 -> 0 | AX33: =U33+AV33 -> 0 | AZ33: =U33/(1+SicherheitAngebot)*(1+Sicherheit) -> 0 | BB33: =AV33/(1+SicherheitAngebot)*(1+Sicherheit) -> 0 | BD33: =AZ33+BB33 -> 0
R34: =P34*(1+Gewinn)*(1+SicherheitAngebot) -> 0 | S34: =Q34*(1+MGKZ)*(1+Gewinn)*(1+SicherheitAngebot) -> 0 | U34: =I34*$I$7+J34*$J$7+K34*$K$7+L34*$L$7+M34*$M$7+N34*$N$7+O34*$O$7+R34+S34 -> 0 | AT34: =((W34+AD34)*$W$7+(X34+AE34)*$X$7+(Y34+Z34+AF34+AG34)*$Z$7+(AA34+AH34)*$AA$7+(AB34+AI34)*$AB$7)*Zuschläge_IBN -> 0 | AV34: =AK34*$AK$7+AL34*$AL$7+AM34*$AM$7+SUM(AN34:AR34)*(1+Gewinn)*(1+SicherheitAngebot)+AT34/Zuschläge_IBN+AT34 -> 0 | AX34: =U34+AV34 -> 0 | AZ34: =U34/(1+SicherheitAngebot)*(1+Sicherheit) -> 0 | BB34: =AV34/(1+SicherheitAngebot)*(1+Sicherheit) -> 0 | BD34: =AZ34+BB34 -> 0
R35: =P35*(1+Gewinn)*(1+SicherheitAngebot) -> 0 | S35: =Q35*(1+MGKZ)*(1+Gewinn)*(1+SicherheitAngebot) -> 0 | U35: =I35*$I$7+J35*$J$7+K35*$K$7+L35*$L$7+M35*$M$7+N35*$N$7+O35*$O$7+R35+S35 -> 0 | AT35: =((W35+AD35)*$W$7+(X35+AE35)*$X$7+(Y35+Z35+AF35+AG35)*$Z$7+(AA35+AH35)*$AA$7+(AB35+AI35)*$AB$7)*Zuschläge_IBN -> 0 | AV35: =AK35*$AK$7+AL35*$AL$7+AM35*$AM$7+SUM(AN35:AR35)*(1+Gewinn)*(1+SicherheitAngebot)+AT35/Zuschläge_IBN+AT35 -> 0 | AX35: =U35+AV35 -> 0 | AZ35: =U35/(1+SicherheitAngebot)*(1+Sicherheit) -> 0 | BB35: =AV35/(1+SicherheitAngebot)*(1+Sicherheit) -> 0 | BD35: =AZ35+BB35 -> 0
R36: =P36*(1+Gewinn)*(1+SicherheitAngebot) -> 0 | S36: =Q36*(1+MGKZ)*(1+Gewinn)*(1+SicherheitAngebot) -> 0 | U36: =I36*$I$7+J36*$J$7+K36*$K$7+L36*$L$7+M36*$M$7+N36*$N$7+O36*$O$7+R36+S36 -> 0 | AT36: =((W36+AD36)*$W$7+(X36+AE36)*$X$7+(Y36+Z36+AF36+AG36)*$Z$7+(AA36+AH36)*$AA$7+(AB36+AI36)*$AB$7)*Zuschläge_IBN -> 0 | AV36: =AK36*$AK$7+AL36*$AL$7+AM36*$AM$7+SUM(AN36:AR36)*(1+Gewinn)*(1+SicherheitAngebot)+AT36/Zuschläge_IBN+AT36 -> 0 | AX36: =U36+AV36 -> 0 | AZ36: =U36/(1+SicherheitAngebot)*(1+Sicherheit) -> 0 | BB36: =AV36/(1+SicherheitAngebot)*(1+Sicherheit) -> 0 | BD36: =AZ36+BB36 -> 0
R37: =P37*(1+Gewinn)*(1+SicherheitAngebot) -> 0 | S37: =Q37*(1+MGKZ)*(1+Gewinn)*(1+SicherheitAngebot) -> 0 | U37: =I37*$I$7+J37*$J$7+K37*$K$7+L37*$L$7+M37*$M$7+N37*$N$7+O37*$O$7+R37+S37 -> 0 | AT37: =((W37+AD37)*$W$7+(X37+AE37)*$X$7+(Y37+Z37+AF37+AG37)*$Z$7+(AA37+AH37)*$AA$7+(AB37+AI37)*$AB$7)*Zuschläge_IBN -> 0 | AV37: =AK37*$AK$7+AL37*$AL$7+AM37*$AM$7+SUM(AN37:AR37)*(1+Gewinn)*(1+SicherheitAngebot)+AT37/Zuschläge_IBN+AT37 -> 0 | AX37: =U37+AV37 -> 0 | AZ37: =U37/(1+SicherheitAngebot)*(1+Sicherheit) -> 0 | BB37: =AV37/(1+SicherheitAngebot)*(1+Sicherheit) -> 0 | BD37: =AZ37+BB37 -> 0
R38: =P38*(1+Gewinn)*(1+SicherheitAngebot) -> 0 | S38: =Q38*(1+MGKZ)*(1+Gewinn)*(1+SicherheitAngebot) -> 0 | U38: =I38*$I$7+J38*$J$7+K38*$K$7+L38*$L$7+M38*$M$7+N38*$N$7+O38*$O$7+R38+S38 -> 0 | AT38: =((W38+AD38)*$W$7+(X38+AE38)*$X$7+(Y38+Z38+AF38+AG38)*$Z$7+(AA38+AH38)*$AA$7+(AB38+AI38)*$AB$7)*Zuschläge_IBN -> 0 | AV38: =AK38*$AK$7+AL38*$AL$7+AM38*$AM$7+SUM(AN38:AR38)*(1+Gewinn)*(1+SicherheitAngebot)+AT38/Zuschläge_IBN+AT38 -> 0 | AX38: =U38+AV38 -> 0 | AZ38: =U38/(1+SicherheitAngebot)*(1+Sicherheit) -> 0 | BB38: =AV38/(1+SicherheitAngebot)*(1+Sicherheit) -> 0 | BD38: =AZ38+BB38 -> 0
R39: =P39*(1+Gewinn)*(1+SicherheitAngebot) -> 0 | S39: =Q39*(1+MGKZ)*(1+Gewinn)*(1+SicherheitAngebot) -> 0 | U39: =I39*$I$7+J39*$J$7+K39*$K$7+L39*$L$7+M39*$M$7+N39*$N$7+O39*$O$7+R39+S39 -> 0 | AT39: =((W39+AD39)*$W$7+(X39+AE39)*$X$7+(Y39+Z39+AF39+AG39)*$Z$7+(AA39+AH39)*$AA$7+(AB39+AI39)*$AB$7)*Zuschläge_IBN -> 0 | AV39: =AK39*$AK$7+AL39*$AL$7+AM39*$AM$7+SUM(AN39:AR39)*(1+Gewinn)*(1+SicherheitAngebot)+AT39/Zuschläge_IBN+AT39 -> 0 | AX39: =U39+AV39 -> 0 | AZ39: =U39/(1+SicherheitAngebot)*(1+Sicherheit) -> 0 | BB39: =AV39/(1+SicherheitAngebot)*(1+Sicherheit) -> 0 | BD39: =AZ39+BB39 -> 0
R40: =P40*(1+Gewinn)*(1+SicherheitAngebot) -> 0 | S40: =Q40*(1+MGKZ)*(1+Gewinn)*(1+SicherheitAngebot) -> 0 | U40: =I40*$I$7+J40*$J$7+K40*$K$7+L40*$L$7+M40*$M$7+N40*$N$7+O40*$O$7+R40+S40 -> 0 | AT40: =((W40+AD40)*$W$7+(X40+AE40)*$X$7+(Y40+Z40+AF40+AG40)*$Z$7+(AA40+AH40)*$AA$7+(AB40+AI40)*$AB$7)*Zuschläge_IBN -> 0 | AV40: =AK40*$AK$7+AL40*$AL$7+AM40*$AM$7+SUM(AN40:AR40)*(1+Gewinn)*(1+SicherheitAngebot)+AT40/Zuschläge_IBN+AT40 -> 0 | AX40: =U40+AV40 -> 0 | AZ40: =U40/(1+SicherheitAngebot)*(1+Sicherheit) -> 0 | BB40: =AV40/(1+SicherheitAngebot)*(1+Sicherheit) -> 0 | BD40: =AZ40+BB40 -> 0
R41: =P41*(1+Gewinn)*(1+SicherheitAngebot) -> 0 | S41: =Q41*(1+MGKZ)*(1+Gewinn)*(1+SicherheitAngebot) -> 0 | U41: =I41*$I$7+J41*$J$7+K41*$K$7+L41*$L$7+M41*$M$7+N41*$N$7+O41*$O$7+R41+S41 -> 0 | AT41: =((W41+AD41)*$W$7+(X41+AE41)*$X$7+(Y41+Z41+AF41+AG41)*$Z$7+(AA41+AH41)*$AA$7+(AB41+AI41)*$AB$7)*Zuschläge_IBN -> 0 | AV41: =AK41*$AK$7+AL41*$AL$7+AM41*$AM$7+SUM(AN41:AR41)*(1+Gewinn)*(1+SicherheitAngebot)+AT41/Zuschläge_IBN+AT41 -> 0 | AX41: =U41+AV41 -> 0 | AZ41: =U41/(1+SicherheitAngebot)*(1+Sicherheit) -> 0 | BB41: =AV41/(1+SicherheitAngebot)*(1+Sicherheit) -> 0 | BD41: =AZ41+BB41 -> 0
... R44: =P44*(1+Gewinn)*(1+SicherheitAngebot) -> 0 | S44: =Q44*(1+MGKZ)*(1+Gewinn)*(1+SicherheitAngebot) -> 0 | U44: =I44*$I$7+J44*$J$7+K44*$K$7+L44*$L$7+M44*$M$7+N44*$N$7+O44*$O$7+R44+S44 -> 0 | AT44: =((W44+AD44)*$W$7+(X44+AE44)*$X$7+(Y44+Z44+AF44+AG44)*$Z$7+(AA44+AH44)*$AA$7+(AB44+AI44)*$AB$7)*Zuschläge_IBN -> 0 | AV44: =AK44*$AK$7+AL44*$AL$7+AM44*$AM$7+SUM(AN44:AR44)*(1+Gewinn)*(1+SicherheitAngebot)+AT44/Zuschläge_IBN+AT44 -> 0 | AX44: =U44+AV44 -> 0 | AZ44: =U44/(1+SicherheitAngebot)*(1+Sicherheit) -> 0 | BB44: =AV44/(1+SicherheitAngebot)*(1+Sicherheit) -> 0 | BD44: =AZ44+BB44 -> 0
B46: =B29+1 -> 3 | H46: 1 | I46: =$H46*SUM(I47:I61) -> 0 | J46: =$H46*SUM(J47:J61) -> 0 | K46: =$H46*SUM(K47:K61) -> 0 | L46: =$H46*SUM(L47:L61) -> 0 | M46: =$H46*SUM(M47:M61) -> 0 | N46: =$H46*SUM(N47:N61) -> 0 | O46: =$H46*SUM(O47:O61) -> 0 | P46: =$H46*SUM(P47:P61) -> 0 | Q46: =$H46*SUM(Q47:Q61) -> 0 | R46: =P46*(1+Gewinn)*(1+SicherheitAngebot) -> 0 | S46: =Q46*(1+MGKZ)*(1+Gewinn)*(1+SicherheitAngebot) -> 0 | U46: =I46*$I$7+J46*$J$7+K46*$K$7+L46*$L$7+M46*$M$7+N46*$N$7+O46*$O$7+R46+S46 -> 0 | W46: =$H46*SUM(W47:W61) -> 0 | X46: =$H46*SUM(X47:X61) -> 0 | Y46: =$H46*SUM(Y47:Y61) -> 0 | Z46: =$H46*SUM(Z47:Z61) -> 0 | AA46: =$H46*SUM(AA47:AA61) -> 0 | AB46: =$H46*SUM(AB47:AB61) -> 0 | AD46: =$H46*SUM(AD47:AD61) -> 0 | AE46: =$H46*SUM(AE47:AE61) -> 0 | AF46: =$H46*SUM(AF47:AF61) -> 0 | AG46: =$H46*SUM(AG47:AG61) -> 0 | AH46: =$H46*SUM(AH47:AH61) -> 0 | AI46: =$H46*SUM(AI47:AI61) -> 0 | AK46: =$H46*SUM(AK47:AK61) -> 0 | AL46: =$H46*SUM(AL47:AL61) -> 0 | AM46: =$H46*SUM(AM47:AM61) -> 0 | AN46: =$H46*SUM(AN47:AN61)*(1+Gewinn)*(1+SicherheitAngebot) -> 0 | AO46: =$H46*SUM(AO47:AO61)*(1+Gewinn)*(1+SicherheitAngebot) -> 0 | AP46: =$H46*SUM(AP47:AP61)*(1+Gewinn)*(1+SicherheitAngebot) -> 0 | AQ46: =$H46*SUM(AQ47:AQ61)*(1+Gewinn)*(1+SicherheitAngebot) -> 0 | AR46: =$H46*SUM(AR47:AR61)*(1+Gewinn)*(1+SicherheitAngebot) -> 0 | AT46: =((W46+AD46)*$W$7+(X46+AE46)*$X$7+(Y46+Z46+AF46+AG46)*$Z$7+(AA46+AH46)*$AA$7+(AB46+AI46)*$AB$7)*Zuschläge_IBN -> 0 | AV46: =AK46*$AK$7+AL46*$AL$7+AM46*$AM$7+SUM(AN46:AR46)+AT46/Zuschläge_IBN+AT46 -> 0 | AX46: =U46+AV46 -> 0 | AZ46: =IF(H46>0,U46/(1+SicherheitAngebot)*(1+Sicherheit),0) -> 0 | BB46: =IF(H46>0,AV46/(1+SicherheitAngebot)*(1+Sicherheit),0) -> 0 | BD46: =AZ46+BB46 -> 0
R47: =P47*(1+Gewinn)*(1+SicherheitAngebot) -> 0 | S47: =Q47*(1+MGKZ)*(1+Gewinn)*(1+SicherheitAngebot) -> 0 | U47: =I47*$I$7+J47*$J$7+K47*$K$7+L47*$L$7+M47*$M$7+N47*$N$7+O47*$O$7+R47+S47 -> 0 | AT47: =((W47+AD47)*$W$7+(X47+AE47)*$X$7+(Y47+Z47+AF47+AG47)*$Z$7+(AA47+AH47)*$AA$7+(AB47+AI47)*$AB$7)*Zuschläge_IBN -> 0 | AV47: =AK47*$AK$7+AL47*$AL$7+AM47*$AM$7+SUM(AN47:AR47)*(1+Gewinn)*(1+SicherheitAngebot)+AT47/Zuschläge_IBN+AT47 -> 0 | AX47: =U47+AV47 -> 0 | AZ47: =U47/(1+SicherheitAngebot)*(1+Sicherheit) -> 0 | BB47: =AV47/(1+SicherheitAngebot)*(1+Sicherheit) -> 0 | BD47: =AZ47+BB47 -> 0
R48: =P48*(1+Gewinn)*(1+SicherheitAngebot) -> 0 | S48: =Q48*(1+MGKZ)*(1+Gewinn)*(1+SicherheitAngebot) -> 0 | U48: =I48*$I$7+J48*$J$7+K48*$K$7+L48*$L$7+M48*$M$7+N48*$N$7+O48*$O$7+R48+S48 -> 0 | AT48: =((W48+AD48)*$W$7+(X48+AE48)*$X$7+(Y48+Z48+AF48+AG48)*$Z$7+(AA48+AH48)*$AA$7+(AB48+AI48)*$AB$7)*Zuschläge_IBN -> 0 | AV48: =AK48*$AK$7+AL48*$AL$7+AM48*$AM$7+SUM(AN48:AR48)*(1+Gewinn)*(1+SicherheitAngebot)+AT48/Zuschläge_IBN+AT48 -> 0 | AX48: =U48+AV48 -> 0 | AZ48: =U48/(1+SicherheitAngebot)*(1+Sicherheit) -> 0 | BB48: =AV48/(1+SicherheitAngebot)*(1+Sicherheit) -> 0 | BD48: =AZ48+BB48 -> 0
R49: =P49*(1+Gewinn)*(1+SicherheitAngebot) -> 0 | S49: =Q49*(1+MGKZ)*(1+Gewinn)*(1+SicherheitAngebot) -> 0 | U49: =I49*$I$7+J49*$J$7+K49*$K$7+L49*$L$7+M49*$M$7+N49*$N$7+O49*$O$7+R49+S49 -> 0 | AT49: =((W49+AD49)*$W$7+(X49+AE49)*$X$7+(Y49+Z49+AF49+AG49)*$Z$7+(AA49+AH49)*$AA$7+(AB49+AI49)*$AB$7)*Zuschläge_IBN -> 0 | AV49: =AK49*$AK$7+AL49*$AL$7+AM49*$AM$7+SUM(AN49:AR49)*(1+Gewinn)*(1+SicherheitAngebot)+AT49/Zuschläge_IBN+AT49 -> 0 | AX49: =U49+AV49 -> 0 | AZ49: =U49/(1+SicherheitAngebot)*(1+Sicherheit) -> 0 | BB49: =AV49/(1+SicherheitAngebot)*(1+Sicherheit) -> 0 | BD49: =AZ49+BB49 -> 0
R50: =P50*(1+Gewinn)*(1+SicherheitAngebot) -> 0 | S50: =Q50*(1+MGKZ)*(1+Gewinn)*(1+SicherheitAngebot) -> 0 | U50: =I50*$I$7+J50*$J$7+K50*$K$7+L50*$L$7+M50*$M$7+N50*$N$7+O50*$O$7+R50+S50 -> 0 | AT50: =((W50+AD50)*$W$7+(X50+AE50)*$X$7+(Y50+Z50+AF50+AG50)*$Z$7+(AA50+AH50)*$AA$7+(AB50+AI50)*$AB$7)*Zuschläge_IBN -> 0 | AV50: =AK50*$AK$7+AL50*$AL$7+AM50*$AM$7+SUM(AN50:AR50)*(1+Gewinn)*(1+SicherheitAngebot)+AT50/Zuschläge_IBN+AT50 -> 0 | AX50: =U50+AV50 -> 0 | AZ50: =U50/(1+SicherheitAngebot)*(1+Sicherheit) -> 0 | BB50: =AV50/(1+SicherheitAngebot)*(1+Sicherheit) -> 0 | BD50: =AZ50+BB50 -> 0
R51: =P51*(1+Gewinn)*(1+SicherheitAngebot) -> 0 | S51: =Q51*(1+MGKZ)*(1+Gewinn)*(1+SicherheitAngebot) -> 0 | U51: =I51*$I$7+J51*$J$7+K51*$K$7+L51*$L$7+M51*$M$7+N51*$N$7+O51*$O$7+R51+S51 -> 0 | AT51: =((W51+AD51)*$W$7+(X51+AE51)*$X$7+(Y51+Z51+AF51+AG51)*$Z$7+(AA51+AH51)*$AA$7+(AB51+AI51)*$AB$7)*Zuschläge_IBN -> 0 | AV51: =AK51*$AK$7+AL51*$AL$7+AM51*$AM$7+SUM(AN51:AR51)*(1+Gewinn)*(1+SicherheitAngebot)+AT51/Zuschläge_IBN+AT51 -> 0 | AX51: =U51+AV51 -> 0 | AZ51: =U51/(1+SicherheitAngebot)*(1+Sicherheit) -> 0 | BB51: =AV51/(1+SicherheitAngebot)*(1+Sicherheit) -> 0 | BD51: =AZ51+BB51 -> 0
R52: =P52*(1+Gewinn)*(1+SicherheitAngebot) -> 0 | S52: =Q52*(1+MGKZ)*(1+Gewinn)*(1+SicherheitAngebot) -> 0 | U52: =I52*$I$7+J52*$J$7+K52*$K$7+L52*$L$7+M52*$M$7+N52*$N$7+O52*$O$7+R52+S52 -> 0 | AT52: =((W52+AD52)*$W$7+(X52+AE52)*$X$7+(Y52+Z52+AF52+AG52)*$Z$7+(AA52+AH52)*$AA$7+(AB52+AI52)*$AB$7)*Zuschläge_IBN -> 0 | AV52: =AK52*$AK$7+AL52*$AL$7+AM52*$AM$7+SUM(AN52:AR52)*(1+Gewinn)*(1+SicherheitAngebot)+AT52/Zuschläge_IBN+AT52 -> 0 | AX52: =U52+AV52 -> 0 | AZ52: =U52/(1+SicherheitAngebot)*(1+Sicherheit) -> 0 | BB52: =AV52/(1+SicherheitAngebot)*(1+Sicherheit) -> 0 | BD52: =AZ52+BB52 -> 0
R53: =P53*(1+Gewinn)*(1+SicherheitAngebot) -> 0 | S53: =Q53*(1+MGKZ)*(1+Gewinn)*(1+SicherheitAngebot) -> 0 | U53: =I53*$I$7+J53*$J$7+K53*$K$7+L53*$L$7+M53*$M$7+N53*$N$7+O53*$O$7+R53+S53 -> 0 | AT53: =((W53+AD53)*$W$7+(X53+AE53)*$X$7+(Y53+Z53+AF53+AG53)*$Z$7+(AA53+AH53)*$AA$7+(AB53+AI53)*$AB$7)*Zuschläge_IBN -> 0 | AV53: =AK53*$AK$7+AL53*$AL$7+AM53*$AM$7+SUM(AN53:AR53)*(1+Gewinn)*(1+SicherheitAngebot)+AT53/Zuschläge_IBN+AT53 -> 0 | AX53: =U53+AV53 -> 0 | AZ53: =U53/(1+SicherheitAngebot)*(1+Sicherheit) -> 0 | BB53: =AV53/(1+SicherheitAngebot)*(1+Sicherheit) -> 0 | BD53: =AZ53+BB53 -> 0
R54: =P54*(1+Gewinn)*(1+SicherheitAngebot) -> 0 | S54: =Q54*(1+MGKZ)*(1+Gewinn)*(1+SicherheitAngebot) -> 0 | U54: =I54*$I$7+J54*$J$7+K54*$K$7+L54*$L$7+M54*$M$7+N54*$N$7+O54*$O$7+R54+S54 -> 0 | AT54: =((W54+AD54)*$W$7+(X54+AE54)*$X$7+(Y54+Z54+AF54+AG54)*$Z$7+(AA54+AH54)*$AA$7+(AB54+AI54)*$AB$7)*Zuschläge_IBN -> 0 | AV54: =AK54*$AK$7+AL54*$AL$7+AM54*$AM$7+SUM(AN54:AR54)*(1+Gewinn)*(1+SicherheitAngebot)+AT54/Zuschläge_IBN+AT54 -> 0 | AX54: =U54+AV54 -> 0 | AZ54: =U54/(1+SicherheitAngebot)*(1+Sicherheit) -> 0 | BB54: =AV54/(1+SicherheitAngebot)*(1+Sicherheit) -> 0 | BD54: =AZ54+BB54 -> 0
R55: =P55*(1+Gewinn)*(1+SicherheitAngebot) -> 0 | S55: =Q55*(1+MGKZ)*(1+Gewinn)*(1+SicherheitAngebot) -> 0 | U55: =I55*$I$7+J55*$J$7+K55*$K$7+L55*$L$7+M55*$M$7+N55*$N$7+O55*$O$7+R55+S55 -> 0 | AT55: =((W55+AD55)*$W$7+(X55+AE55)*$X$7+(Y55+Z55+AF55+AG55)*$Z$7+(AA55+AH55)*$AA$7+(AB55+AI55)*$AB$7)*Zuschläge_IBN -> 0 | AV55: =AK55*$AK$7+AL55*$AL$7+AM55*$AM$7+SUM(AN55:AR55)*(1+Gewinn)*(1+SicherheitAngebot)+AT55/Zuschläge_IBN+AT55 -> 0 | AX55: =U55+AV55 -> 0 | AZ55: =U55/(1+SicherheitAngebot)*(1+Sicherheit) -> 0 | BB55: =AV55/(1+SicherheitAngebot)*(1+Sicherheit) -> 0 | BD55: =AZ55+BB55 -> 0
R56: =P56*(1+Gewinn)*(1+SicherheitAngebot) -> 0 | S56: =Q56*(1+MGKZ)*(1+Gewinn)*(1+SicherheitAngebot) -> 0 | U56: =I56*$I$7+J56*$J$7+K56*$K$7+L56*$L$7+M56*$M$7+N56*$N$7+O56*$O$7+R56+S56 -> 0 | AT56: =((W56+AD56)*$W$7+(X56+AE56)*$X$7+(Y56+Z56+AF56+AG56)*$Z$7+(AA56+AH56)*$AA$7+(AB56+AI56)*$AB$7)*Zuschläge_IBN -> 0 | AV56: =AK56*$AK$7+AL56*$AL$7+AM56*$AM$7+SUM(AN56:AR56)*(1+Gewinn)*(1+SicherheitAngebot)+AT56/Zuschläge_IBN+AT56 -> 0 | AX56: =U56+AV56 -> 0 | AZ56: =U56/(1+SicherheitAngebot)*(1+Sicherheit) -> 0 | BB56: =AV56/(1+SicherheitAngebot)*(1+Sicherheit) -> 0 | BD56: =AZ56+BB56 -> 0
R57: =P57*(1+Gewinn)*(1+SicherheitAngebot) -> 0 | S57: =Q57*(1+MGKZ)*(1+Gewinn)*(1+SicherheitAngebot) -> 0 | U57: =I57*$I$7+J57*$J$7+K57*$K$7+L57*$L$7+M57*$M$7+N57*$N$7+O57*$O$7+R57+S57 -> 0 | AT57: =((W57+AD57)*$W$7+(X57+AE57)*$X$7+(Y57+Z57+AF57+AG57)*$Z$7+(AA57+AH57)*$AA$7+(AB57+AI57)*$AB$7)*Zuschläge_IBN -> 0 | AV57: =AK57*$AK$7+AL57*$AL$7+AM57*$AM$7+SUM(AN57:AR57)*(1+Gewinn)*(1+SicherheitAngebot)+AT57/Zuschläge_IBN+AT57 -> 0 | AX57: =U57+AV57 -> 0 | AZ57: =U57/(1+SicherheitAngebot)*(1+Sicherheit) -> 0 | BB57: =AV57/(1+SicherheitAngebot)*(1+Sicherheit) -> 0 | BD57: =AZ57+BB57 -> 0
R58: =P58*(1+Gewinn)*(1+SicherheitAngebot) -> 0 | S58: =Q58*(1+MGKZ)*(1+Gewinn)*(1+SicherheitAngebot) -> 0 | U58: =I58*$I$7+J58*$J$7+K58*$K$7+L58*$L$7+M58*$M$7+N58*$N$7+O58*$O$7+R58+S58 -> 0 | AT58: =((W58+AD58)*$W$7+(X58+AE58)*$X$7+(Y58+Z58+AF58+AG58)*$Z$7+(AA58+AH58)*$AA$7+(AB58+AI58)*$AB$7)*Zuschläge_IBN -> 0 | AV58: =AK58*$AK$7+AL58*$AL$7+AM58*$AM$7+SUM(AN58:AR58)*(1+Gewinn)*(1+SicherheitAngebot)+AT58/Zuschläge_IBN+AT58 -> 0 | AX58: =U58+AV58 -> 0 | AZ58: =U58/(1+SicherheitAngebot)*(1+Sicherheit) -> 0 | BB58: =AV58/(1+SicherheitAngebot)*(1+Sicherheit) -> 0 | BD58: =AZ58+BB58 -> 0
... R61: =P61*(1+Gewinn)*(1+SicherheitAngebot) -> 0 | S61: =Q61*(1+MGKZ)*(1+Gewinn)*(1+SicherheitAngebot) -> 0 | U61: =I61*$I$7+J61*$J$7+K61*$K$7+L61*$L$7+M61*$M$7+N61*$N$7+O61*$O$7+R61+S61 -> 0 | AT61: =((W61+AD61)*$W$7+(X61+AE61)*$X$7+(Y61+Z61+AF61+AG61)*$Z$7+(AA61+AH61)*$AA$7+(AB61+AI61)*$AB$7)*Zuschläge_IBN -> 0 | AV61: =AK61*$AK$7+AL61*$AL$7+AM61*$AM$7+SUM(AN61:AR61)*(1+Gewinn)*(1+SicherheitAngebot)+AT61/Zuschläge_IBN+AT61 -> 0 | AX61: =U61+AV61 -> 0 | AZ61: =U61/(1+SicherheitAngebot)*(1+Sicherheit) -> 0 | BB61: =AV61/(1+SicherheitAngebot)*(1+Sicherheit) -> 0 | BD61: =AZ61+BB61 -> 0
B63: =B46+1 -> 4 | H63: 1 | I63: =$H63*SUM(I64:I78) -> 0 | J63: =$H63*SUM(J64:J78) -> 0 | K63: =$H63*SUM(K64:K78) -> 0 | L63: =$H63*SUM(L64:L78) -> 0 | M63: =$H63*SUM(M64:M78) -> 0 | N63: =$H63*SUM(N64:N78) -> 0 | O63: =$H63*SUM(O64:O78) -> 0 | P63: =$H63*SUM(P64:P78) -> 0 | Q63: =$H63*SUM(Q64:Q78) -> 0 | R63: =P63*(1+Gewinn)*(1+SicherheitAngebot) -> 0 | S63: =Q63*(1+MGKZ)*(1+Gewinn)*(1+SicherheitAngebot) -> 0 | U63: =I63*$I$7+J63*$J$7+K63*$K$7+L63*$L$7+M63*$M$7+N63*$N$7+O63*$O$7+R63+S63 -> 0 | W63: =$H63*SUM(W64:W78) -> 0 | X63: =$H63*SUM(X64:X78) -> 0 | Y63: =$H63*SUM(Y64:Y78) -> 0 | Z63: =$H63*SUM(Z64:Z78) -> 0 | AA63: =$H63*SUM(AA64:AA78) -> 0 | AB63: =$H63*SUM(AB64:AB78) -> 0 | AD63: =$H63*SUM(AD64:AD78) -> 0 | AE63: =$H63*SUM(AE64:AE78) -> 0 | AF63: =$H63*SUM(AF64:AF78) -> 0 | AG63: =$H63*SUM(AG64:AG78) -> 0 | AH63: =$H63*SUM(AH64:AH78) -> 0 | AI63: =$H63*SUM(AI64:AI78) -> 0 | AK63: =$H63*SUM(AK64:AK78) -> 0 | AL63: =$H63*SUM(AL64:AL78) -> 0 | AM63: =$H63*SUM(AM64:AM78) -> 0 | AN63: =$H63*SUM(AN64:AN78)*(1+Gewinn)*(1+SicherheitAngebot) -> 0 | AO63: =$H63*SUM(AO64:AO78)*(1+Gewinn)*(1+SicherheitAngebot) -> 0 | AP63: =$H63*SUM(AP64:AP78)*(1+Gewinn)*(1+SicherheitAngebot) -> 0 | AQ63: =$H63*SUM(AQ64:AQ78)*(1+Gewinn)*(1+SicherheitAngebot) -> 0 | AR63: =$H63*SUM(AR64:AR78)*(1+Gewinn)*(1+SicherheitAngebot) -> 0 | AT63: =((W63+AD63)*$W$7+(X63+AE63)*$X$7+(Y63+Z63+AF63+AG63)*$Z$7+(AA63+AH63)*$AA$7+(AB63+AI63)*$AB$7)*Zuschläge_IBN -> 0 | AV63: =AK63*$AK$7+AL63*$AL$7+AM63*$AM$7+SUM(AN63:AR63)+AT63/Zuschläge_IBN+AT63 -> 0 | AX63: =U63+AV63 -> 0 | AZ63: =IF(H63>0,U63/(1+SicherheitAngebot)*(1+Sicherheit),0) -> 0 | BB63: =IF(H63>0,AV63/(1+SicherheitAngebot)*(1+Sicherheit),0) -> 0 | BD63: =AZ63+BB63 -> 0
R64: =P64*(1+Gewinn)*(1+SicherheitAngebot) -> 0 | S64: =Q64*(1+MGKZ)*(1+Gewinn)*(1+SicherheitAngebot) -> 0 | U64: =I64*$I$7+J64*$J$7+K64*$K$7+L64*$L$7+M64*$M$7+N64*$N$7+O64*$O$7+R64+S64 -> 0 | AT64: =((W64+AD64)*$W$7+(X64+AE64)*$X$7+(Y64+Z64+AF64+AG64)*$Z$7+(AA64+AH64)*$AA$7+(AB64+AI64)*$AB$7)*Zuschläge_IBN -> 0 | AV64: =AK64*$AK$7+AL64*$AL$7+AM64*$AM$7+SUM(AN64:AR64)*(1+Gewinn)*(1+SicherheitAngebot)+AT64/Zuschläge_IBN+AT64 -> 0 | AX64: =U64+AV64 -> 0 | AZ64: =U64/(1+SicherheitAngebot)*(1+Sicherheit) -> 0 | BB64: =AV64/(1+SicherheitAngebot)*(1+Sicherheit) -> 0 | BD64: =AZ64+BB64 -> 0
R65: =P65*(1+Gewinn)*(1+SicherheitAngebot) -> 0 | S65: =Q65*(1+MGKZ)*(1+Gewinn)*(1+SicherheitAngebot) -> 0 | U65: =I65*$I$7+J65*$J$7+K65*$K$7+L65*$L$7+M65*$M$7+N65*$N$7+O65*$O$7+R65+S65 -> 0 | AT65: =((W65+AD65)*$W$7+(X65+AE65)*$X$7+(Y65+Z65+AF65+AG65)*$Z$7+(AA65+AH65)*$AA$7+(AB65+AI65)*$AB$7)*Zuschläge_IBN -> 0 | AV65: =AK65*$AK$7+AL65*$AL$7+AM65*$AM$7+SUM(AN65:AR65)*(1+Gewinn)*(1+SicherheitAngebot)+AT65/Zuschläge_IBN+AT65 -> 0 | AX65: =U65+AV65 -> 0 | AZ65: =U65/(1+SicherheitAngebot)*(1+Sicherheit) -> 0 | BB65: =AV65/(1+SicherheitAngebot)*(1+Sicherheit) -> 0 | BD65: =AZ65+BB65 -> 0
R66: =P66*(1+Gewinn)*(1+SicherheitAngebot) -> 0 | S66: =Q66*(1+MGKZ)*(1+Gewinn)*(1+SicherheitAngebot) -> 0 | U66: =I66*$I$7+J66*$J$7+K66*$K$7+L66*$L$7+M66*$M$7+N66*$N$7+O66*$O$7+R66+S66 -> 0 | AT66: =((W66+AD66)*$W$7+(X66+AE66)*$X$7+(Y66+Z66+AF66+AG66)*$Z$7+(AA66+AH66)*$AA$7+(AB66+AI66)*$AB$7)*Zuschläge_IBN -> 0 | AV66: =AK66*$AK$7+AL66*$AL$7+AM66*$AM$7+SUM(AN66:AR66)*(1+Gewinn)*(1+SicherheitAngebot)+AT66/Zuschläge_IBN+AT66 -> 0 | AX66: =U66+AV66 -> 0 | AZ66: =U66/(1+SicherheitAngebot)*(1+Sicherheit) -> 0 | BB66: =AV66/(1+SicherheitAngebot)*(1+Sicherheit) -> 0 | BD66: =AZ66+BB66 -> 0
R67: =P67*(1+Gewinn)*(1+SicherheitAngebot) -> 0 | S67: =Q67*(1+MGKZ)*(1+Gewinn)*(1+SicherheitAngebot) -> 0 | U67: =I67*$I$7+J67*$J$7+K67*$K$7+L67*$L$7+M67*$M$7+N67*$N$7+O67*$O$7+R67+S67 -> 0 | AT67: =((W67+AD67)*$W$7+(X67+AE67)*$X$7+(Y67+Z67+AF67+AG67)*$Z$7+(AA67+AH67)*$AA$7+(AB67+AI67)*$AB$7)*Zuschläge_IBN -> 0 | AV67: =AK67*$AK$7+AL67*$AL$7+AM67*$AM$7+SUM(AN67:AR67)*(1+Gewinn)*(1+SicherheitAngebot)+AT67/Zuschläge_IBN+AT67 -> 0 | AX67: =U67+AV67 -> 0 | AZ67: =U67/(1+SicherheitAngebot)*(1+Sicherheit) -> 0 | BB67: =AV67/(1+SicherheitAngebot)*(1+Sicherheit) -> 0 | BD67: =AZ67+BB67 -> 0
R68: =P68*(1+Gewinn)*(1+SicherheitAngebot) -> 0 | S68: =Q68*(1+MGKZ)*(1+Gewinn)*(1+SicherheitAngebot) -> 0 | U68: =I68*$I$7+J68*$J$7+K68*$K$7+L68*$L$7+M68*$M$7+N68*$N$7+O68*$O$7+R68+S68 -> 0 | AT68: =((W68+AD68)*$W$7+(X68+AE68)*$X$7+(Y68+Z68+AF68+AG68)*$Z$7+(AA68+AH68)*$AA$7+(AB68+AI68)*$AB$7)*Zuschläge_IBN -> 0 | AV68: =AK68*$AK$7+AL68*$AL$7+AM68*$AM$7+SUM(AN68:AR68)*(1+Gewinn)*(1+SicherheitAngebot)+AT68/Zuschläge_IBN+AT68 -> 0 | AX68: =U68+AV68 -> 0 | AZ68: =U68/(1+SicherheitAngebot)*(1+Sicherheit) -> 0 | BB68: =AV68/(1+SicherheitAngebot)*(1+Sicherheit) -> 0 | BD68: =AZ68+BB68 -> 0
R69: =P69*(1+Gewinn)*(1+SicherheitAngebot) -> 0 | S69: =Q69*(1+MGKZ)*(1+Gewinn)*(1+SicherheitAngebot) -> 0 | U69: =I69*$I$7+J69*$J$7+K69*$K$7+L69*$L$7+M69*$M$7+N69*$N$7+O69*$O$7+R69+S69 -> 0 | AT69: =((W69+AD69)*$W$7+(X69+AE69)*$X$7+(Y69+Z69+AF69+AG69)*$Z$7+(AA69+AH69)*$AA$7+(AB69+AI69)*$AB$7)*Zuschläge_IBN -> 0 | AV69: =AK69*$AK$7+AL69*$AL$7+AM69*$AM$7+SUM(AN69:AR69)*(1+Gewinn)*(1+SicherheitAngebot)+AT69/Zuschläge_IBN+AT69 -> 0 | AX69: =U69+AV69 -> 0 | AZ69: =U69/(1+SicherheitAngebot)*(1+Sicherheit) -> 0 | BB69: =AV69/(1+SicherheitAngebot)*(1+Sicherheit) -> 0 | BD69: =AZ69+BB69 -> 0
R70: =P70*(1+Gewinn)*(1+SicherheitAngebot) -> 0 | S70: =Q70*(1+MGKZ)*(1+Gewinn)*(1+SicherheitAngebot) -> 0 | U70: =I70*$I$7+J70*$J$7+K70*$K$7+L70*$L$7+M70*$M$7+N70*$N$7+O70*$O$7+R70+S70 -> 0 | AT70: =((W70+AD70)*$W$7+(X70+AE70)*$X$7+(Y70+Z70+AF70+AG70)*$Z$7+(AA70+AH70)*$AA$7+(AB70+AI70)*$AB$7)*Zuschläge_IBN -> 0 | AV70: =AK70*$AK$7+AL70*$AL$7+AM70*$AM$7+SUM(AN70:AR70)*(1+Gewinn)*(1+SicherheitAngebot)+AT70/Zuschläge_IBN+AT70 -> 0 | AX70: =U70+AV70 -> 0 | AZ70: =U70/(1+SicherheitAngebot)*(1+Sicherheit) -> 0 | BB70: =AV70/(1+SicherheitAngebot)*(1+Sicherheit) -> 0 | BD70: =AZ70+BB70 -> 0
R71: =P71*(1+Gewinn)*(1+SicherheitAngebot) -> 0 | S71: =Q71*(1+MGKZ)*(1+Gewinn)*(1+SicherheitAngebot) -> 0 | U71: =I71*$I$7+J71*$J$7+K71*$K$7+L71*$L$7+M71*$M$7+N71*$N$7+O71*$O$7+R71+S71 -> 0 | AT71: =((W71+AD71)*$W$7+(X71+AE71)*$X$7+(Y71+Z71+AF71+AG71)*$Z$7+(AA71+AH71)*$AA$7+(AB71+AI71)*$AB$7)*Zuschläge_IBN -> 0 | AV71: =AK71*$AK$7+AL71*$AL$7+AM71*$AM$7+SUM(AN71:AR71)*(1+Gewinn)*(1+SicherheitAngebot)+AT71/Zuschläge_IBN+AT71 -> 0 | AX71: =U71+AV71 -> 0 | AZ71: =U71/(1+SicherheitAngebot)*(1+Sicherheit) -> 0 | BB71: =AV71/(1+SicherheitAngebot)*(1+Sicherheit) -> 0 | BD71: =AZ71+BB71 -> 0
R72: =P72*(1+Gewinn)*(1+SicherheitAngebot) -> 0 | S72: =Q72*(1+MGKZ)*(1+Gewinn)*(1+SicherheitAngebot) -> 0 | U72: =I72*$I$7+J72*$J$7+K72*$K$7+L72*$L$7+M72*$M$7+N72*$N$7+O72*$O$7+R72+S72 -> 0 | AT72: =((W72+AD72)*$W$7+(X72+AE72)*$X$7+(Y72+Z72+AF72+AG72)*$Z$7+(AA72+AH72)*$AA$7+(AB72+AI72)*$AB$7)*Zuschläge_IBN -> 0 | AV72: =AK72*$AK$7+AL72*$AL$7+AM72*$AM$7+SUM(AN72:AR72)*(1+Gewinn)*(1+SicherheitAngebot)+AT72/Zuschläge_IBN+AT72 -> 0 | AX72: =U72+AV72 -> 0 | AZ72: =U72/(1+SicherheitAngebot)*(1+Sicherheit) -> 0 | BB72: =AV72/(1+SicherheitAngebot)*(1+Sicherheit) -> 0 | BD72: =AZ72+BB72 -> 0
R73: =P73*(1+Gewinn)*(1+SicherheitAngebot) -> 0 | S73: =Q73*(1+MGKZ)*(1+Gewinn)*(1+SicherheitAngebot) -> 0 | U73: =I73*$I$7+J73*$J$7+K73*$K$7+L73*$L$7+M73*$M$7+N73*$N$7+O73*$O$7+R73+S73 -> 0 | AT73: =((W73+AD73)*$W$7+(X73+AE73)*$X$7+(Y73+Z73+AF73+AG73)*$Z$7+(AA73+AH73)*$AA$7+(AB73+AI73)*$AB$7)*Zuschläge_IBN -> 0 | AV73: =AK73*$AK$7+AL73*$AL$7+AM73*$AM$7+SUM(AN73:AR73)*(1+Gewinn)*(1+SicherheitAngebot)+AT73/Zuschläge_IBN+AT73 -> 0 | AX73: =U73+AV73 -> 0 | AZ73: =U73/(1+SicherheitAngebot)*(1+Sicherheit) -> 0 | BB73: =AV73/(1+SicherheitAngebot)*(1+Sicherheit) -> 0 | BD73: =AZ73+BB73 -> 0
R74: =P74*(1+Gewinn)*(1+SicherheitAngebot) -> 0 | S74: =Q74*(1+MGKZ)*(1+Gewinn)*(1+SicherheitAngebot) -> 0 | U74: =I74*$I$7+J74*$J$7+K74*$K$7+L74*$L$7+M74*$M$7+N74*$N$7+O74*$O$7+R74+S74 -> 0 | AT74: =((W74+AD74)*$W$7+(X74+AE74)*$X$7+(Y74+Z74+AF74+AG74)*$Z$7+(AA74+AH74)*$AA$7+(AB74+AI74)*$AB$7)*Zuschläge_IBN -> 0 | AV74: =AK74*$AK$7+AL74*$AL$7+AM74*$AM$7+SUM(AN74:AR74)*(1+Gewinn)*(1+SicherheitAngebot)+AT74/Zuschläge_IBN+AT74 -> 0 | AX74: =U74+AV74 -> 0 | AZ74: =U74/(1+SicherheitAngebot)*(1+Sicherheit) -> 0 | BB74: =AV74/(1+SicherheitAngebot)*(1+Sicherheit) -> 0 | BD74: =AZ74+BB74 -> 0
R75: =P75*(1+Gewinn)*(1+SicherheitAngebot) -> 0 | S75: =Q75*(1+MGKZ)*(1+Gewinn)*(1+SicherheitAngebot) -> 0 | U75: =I75*$I$7+J75*$J$7+K75*$K$7+L75*$L$7+M75*$M$7+N75*$N$7+O75*$O$7+R75+S75 -> 0 | AT75: =((W75+AD75)*$W$7+(X75+AE75)*$X$7+(Y75+Z75+AF75+AG75)*$Z$7+(AA75+AH75)*$AA$7+(AB75+AI75)*$AB$7)*Zuschläge_IBN -> 0 | AV75: =AK75*$AK$7+AL75*$AL$7+AM75*$AM$7+SUM(AN75:AR75)*(1+Gewinn)*(1+SicherheitAngebot)+AT75/Zuschläge_IBN+AT75 -> 0 | AX75: =U75+AV75 -> 0 | AZ75: =U75/(1+SicherheitAngebot)*(1+Sicherheit) -> 0 | BB75: =AV75/(1+SicherheitAngebot)*(1+Sicherheit) -> 0 | BD75: =AZ75+BB75 -> 0
... R78: =P78*(1+Gewinn)*(1+SicherheitAngebot) -> 0 | S78: =Q78*(1+MGKZ)*(1+Gewinn)*(1+SicherheitAngebot) -> 0 | U78: =I78*$I$7+J78*$J$7+K78*$K$7+L78*$L$7+M78*$M$7+N78*$N$7+O78*$O$7+R78+S78 -> 0 | AT78: =((W78+AD78)*$W$7+(X78+AE78)*$X$7+(Y78+Z78+AF78+AG78)*$Z$7+(AA78+AH78)*$AA$7+(AB78+AI78)*$AB$7)*Zuschläge_IBN -> 0 | AV78: =AK78*$AK$7+AL78*$AL$7+AM78*$AM$7+SUM(AN78:AR78)*(1+Gewinn)*(1+SicherheitAngebot)+AT78/Zuschläge_IBN+AT78 -> 0 | AX78: =U78+AV78 -> 0 | AZ78: =U78/(1+SicherheitAngebot)*(1+Sicherheit) -> 0 | BB78: =AV78/(1+SicherheitAngebot)*(1+Sicherheit) -> 0 | BD78: =AZ78+BB78 -> 0
B80: =B63+1 -> 5 | H80: 1 | I80: =$H80*SUM(I81:I95) -> 0 | J80: =$H80*SUM(J81:J95) -> 0 | K80: =$H80*SUM(K81:K95) -> 0 | L80: =$H80*SUM(L81:L95) -> 0 | M80: =$H80*SUM(M81:M95) -> 0 | N80: =$H80*SUM(N81:N95) -> 0 | O80: =$H80*SUM(O81:O95) -> 0 | P80: =$H80*SUM(P81:P95) -> 0 | Q80: =$H80*SUM(Q81:Q95) -> 0 | R80: =P80*(1+Gewinn)*(1+SicherheitAngebot) -> 0 | S80: =Q80*(1+MGKZ)*(1+Gewinn)*(1+SicherheitAngebot) -> 0 | U80: =I80*$I$7+J80*$J$7+K80*$K$7+L80*$L$7+M80*$M$7+N80*$N$7+O80*$O$7+R80+S80 -> 0 | W80: =$H80*SUM(W81:W95) -> 0 | X80: =$H80*SUM(X81:X95) -> 0 | Y80: =$H80*SUM(Y81:Y95) -> 0 | Z80: =$H80*SUM(Z81:Z95) -> 0 | AA80: =$H80*SUM(AA81:AA95) -> 0 | AB80: =$H80*SUM(AB81:AB95) -> 0 | AD80: =$H80*SUM(AD81:AD95) -> 0 | AE80: =$H80*SUM(AE81:AE95) -> 0 | AF80: =$H80*SUM(AF81:AF95) -> 0 | AG80: =$H80*SUM(AG81:AG95) -> 0 | AH80: =$H80*SUM(AH81:AH95) -> 0 | AI80: =$H80*SUM(AI81:AI95) -> 0 | AK80: =$H80*SUM(AK81:AK95) -> 0 | AL80: =$H80*SUM(AL81:AL95) -> 0 | AM80: =$H80*SUM(AM81:AM95) -> 0 | AN80: =$H80*SUM(AN81:AN95)*(1+Gewinn)*(1+SicherheitAngebot) -> 0 | AO80: =$H80*SUM(AO81:AO95)*(1+Gewinn)*(1+SicherheitAngebot) -> 0 | AP80: =$H80*SUM(AP81:AP95)*(1+Gewinn)*(1+SicherheitAngebot) -> 0 | AQ80: =$H80*SUM(AQ81:AQ95)*(1+Gewinn)*(1+SicherheitAngebot) -> 0 | AR80: =$H80*SUM(AR81:AR95)*(1+Gewinn)*(1+SicherheitAngebot) -> 0 | AT80: =((W80+AD80)*$W$7+(X80+AE80)*$X$7+(Y80+Z80+AF80+AG80)*$Z$7+(AA80+AH80)*$AA$7+(AB80+AI80)*$AB$7)*Zuschläge_IBN -> 0 | AV80: =AK80*$AK$7+AL80*$AL$7+AM80*$AM$7+SUM(AN80:AR80)+AT80/Zuschläge_IBN+AT80 -> 0 | AX80: =U80+AV80 -> 0 | AZ80: =IF(H80>0,U80/(1+SicherheitAngebot)*(1+Sicherheit),0) -> 0 | BB80: =IF(H80>0,AV80/(1+SicherheitAngebot)*(1+Sicherheit),0) -> 0 | BD80: =AZ80+BB80 -> 0
R81: =P81*(1+Gewinn)*(1+SicherheitAngebot) -> 0 | S81: =Q81*(1+MGKZ)*(1+Gewinn)*(1+SicherheitAngebot) -> 0 | U81: =I81*$I$7+J81*$J$7+K81*$K$7+L81*$L$7+M81*$M$7+N81*$N$7+O81*$O$7+R81+S81 -> 0 | AT81: =((W81+AD81)*$W$7+(X81+AE81)*$X$7+(Y81+Z81+AF81+AG81)*$Z$7+(AA81+AH81)*$AA$7+(AB81+AI81)*$AB$7)*Zuschläge_IBN -> 0 | AV81: =AK81*$AK$7+AL81*$AL$7+AM81*$AM$7+SUM(AN81:AR81)*(1+Gewinn)*(1+SicherheitAngebot)+AT81/Zuschläge_IBN+AT81 -> 0 | AX81: =U81+AV81 -> 0 | AZ81: =U81/(1+SicherheitAngebot)*(1+Sicherheit) -> 0 | BB81: =AV81/(1+SicherheitAngebot)*(1+Sicherheit) -> 0 | BD81: =AZ81+BB81 -> 0
R82: =P82*(1+Gewinn)*(1+SicherheitAngebot) -> 0 | S82: =Q82*(1+MGKZ)*(1+Gewinn)*(1+SicherheitAngebot) -> 0 | U82: =I82*$I$7+J82*$J$7+K82*$K$7+L82*$L$7+M82*$M$7+N82*$N$7+O82*$O$7+R82+S82 -> 0 | AT82: =((W82+AD82)*$W$7+(X82+AE82)*$X$7+(Y82+Z82+AF82+AG82)*$Z$7+(AA82+AH82)*$AA$7+(AB82+AI82)*$AB$7)*Zuschläge_IBN -> 0 | AV82: =AK82*$AK$7+AL82*$AL$7+AM82*$AM$7+SUM(AN82:AR82)*(1+Gewinn)*(1+SicherheitAngebot)+AT82/Zuschläge_IBN+AT82 -> 0 | AX82: =U82+AV82 -> 0 | AZ82: =U82/(1+SicherheitAngebot)*(1+Sicherheit) -> 0 | BB82: =AV82/(1+SicherheitAngebot)*(1+Sicherheit) -> 0 | BD82: =AZ82+BB82 -> 0
R83: =P83*(1+Gewinn)*(1+SicherheitAngebot) -> 0 | S83: =Q83*(1+MGKZ)*(1+Gewinn)*(1+SicherheitAngebot) -> 0 | U83: =I83*$I$7+J83*$J$7+K83*$K$7+L83*$L$7+M83*$M$7+N83*$N$7+O83*$O$7+R83+S83 -> 0 | AT83: =((W83+AD83)*$W$7+(X83+AE83)*$X$7+(Y83+Z83+AF83+AG83)*$Z$7+(AA83+AH83)*$AA$7+(AB83+AI83)*$AB$7)*Zuschläge_IBN -> 0 | AV83: =AK83*$AK$7+AL83*$AL$7+AM83*$AM$7+SUM(AN83:AR83)*(1+Gewinn)*(1+SicherheitAngebot)+AT83/Zuschläge_IBN+AT83 -> 0 | AX83: =U83+AV83 -> 0 | AZ83: =U83/(1+SicherheitAngebot)*(1+Sicherheit) -> 0 | BB83: =AV83/(1+SicherheitAngebot)*(1+Sicherheit) -> 0 | BD83: =AZ83+BB83 -> 0
R84: =P84*(1+Gewinn)*(1+SicherheitAngebot) -> 0 | S84: =Q84*(1+MGKZ)*(1+Gewinn)*(1+SicherheitAngebot) -> 0 | U84: =I84*$I$7+J84*$J$7+K84*$K$7+L84*$L$7+M84*$M$7+N84*$N$7+O84*$O$7+R84+S84 -> 0 | AT84: =((W84+AD84)*$W$7+(X84+AE84)*$X$7+(Y84+Z84+AF84+AG84)*$Z$7+(AA84+AH84)*$AA$7+(AB84+AI84)*$AB$7)*Zuschläge_IBN -> 0 | AV84: =AK84*$AK$7+AL84*$AL$7+AM84*$AM$7+SUM(AN84:AR84)*(1+Gewinn)*(1+SicherheitAngebot)+AT84/Zuschläge_IBN+AT84 -> 0 | AX84: =U84+AV84 -> 0 | AZ84: =U84/(1+SicherheitAngebot)*(1+Sicherheit) -> 0 | BB84: =AV84/(1+SicherheitAngebot)*(1+Sicherheit) -> 0 | BD84: =AZ84+BB84 -> 0
R85: =P85*(1+Gewinn)*(1+SicherheitAngebot) -> 0 | S85: =Q85*(1+MGKZ)*(1+Gewinn)*(1+SicherheitAngebot) -> 0 | U85: =I85*$I$7+J85*$J$7+K85*$K$7+L85*$L$7+M85*$M$7+N85*$N$7+O85*$O$7+R85+S85 -> 0 | AT85: =((W85+AD85)*$W$7+(X85+AE85)*$X$7+(Y85+Z85+AF85+AG85)*$Z$7+(AA85+AH85)*$AA$7+(AB85+AI85)*$AB$7)*Zuschläge_IBN -> 0 | AV85: =AK85*$AK$7+AL85*$AL$7+AM85*$AM$7+SUM(AN85:AR85)*(1+Gewinn)*(1+SicherheitAngebot)+AT85/Zuschläge_IBN+AT85 -> 0 | AX85: =U85+AV85 -> 0 | AZ85: =U85/(1+SicherheitAngebot)*(1+Sicherheit) -> 0 | BB85: =AV85/(1+SicherheitAngebot)*(1+Sicherheit) -> 0 | BD85: =AZ85+BB85 -> 0
R86: =P86*(1+Gewinn)*(1+SicherheitAngebot) -> 0 | S86: =Q86*(1+MGKZ)*(1+Gewinn)*(1+SicherheitAngebot) -> 0 | U86: =I86*$I$7+J86*$J$7+K86*$K$7+L86*$L$7+M86*$M$7+N86*$N$7+O86*$O$7+R86+S86 -> 0 | AT86: =((W86+AD86)*$W$7+(X86+AE86)*$X$7+(Y86+Z86+AF86+AG86)*$Z$7+(AA86+AH86)*$AA$7+(AB86+AI86)*$AB$7)*Zuschläge_IBN -> 0 | AV86: =AK86*$AK$7+AL86*$AL$7+AM86*$AM$7+SUM(AN86:AR86)*(1+Gewinn)*(1+SicherheitAngebot)+AT86/Zuschläge_IBN+AT86 -> 0 | AX86: =U86+AV86 -> 0 | AZ86: =U86/(1+SicherheitAngebot)*(1+Sicherheit) -> 0 | BB86: =AV86/(1+SicherheitAngebot)*(1+Sicherheit) -> 0 | BD86: =AZ86+BB86 -> 0
R87: =P87*(1+Gewinn)*(1+SicherheitAngebot) -> 0 | S87: =Q87*(1+MGKZ)*(1+Gewinn)*(1+SicherheitAngebot) -> 0 | U87: =I87*$I$7+J87*$J$7+K87*$K$7+L87*$L$7+M87*$M$7+N87*$N$7+O87*$O$7+R87+S87 -> 0 | AT87: =((W87+AD87)*$W$7+(X87+AE87)*$X$7+(Y87+Z87+AF87+AG87)*$Z$7+(AA87+AH87)*$AA$7+(AB87+AI87)*$AB$7)*Zuschläge_IBN -> 0 | AV87: =AK87*$AK$7+AL87*$AL$7+AM87*$AM$7+SUM(AN87:AR87)*(1+Gewinn)*(1+SicherheitAngebot)+AT87/Zuschläge_IBN+AT87 -> 0 | AX87: =U87+AV87 -> 0 | AZ87: =U87/(1+SicherheitAngebot)*(1+Sicherheit) -> 0 | BB87: =AV87/(1+SicherheitAngebot)*(1+Sicherheit) -> 0 | BD87: =AZ87+BB87 -> 0
R88: =P88*(1+Gewinn)*(1+SicherheitAngebot) -> 0 | S88: =Q88*(1+MGKZ)*(1+Gewinn)*(1+SicherheitAngebot) -> 0 | U88: =I88*$I$7+J88*$J$7+K88*$K$7+L88*$L$7+M88*$M$7+N88*$N$7+O88*$O$7+R88+S88 -> 0 | AT88: =((W88+AD88)*$W$7+(X88+AE88)*$X$7+(Y88+Z88+AF88+AG88)*$Z$7+(AA88+AH88)*$AA$7+(AB88+AI88)*$AB$7)*Zuschläge_IBN -> 0 | AV88: =AK88*$AK$7+AL88*$AL$7+AM88*$AM$7+SUM(AN88:AR88)*(1+Gewinn)*(1+SicherheitAngebot)+AT88/Zuschläge_IBN+AT88 -> 0 | AX88: =U88+AV88 -> 0 | AZ88: =U88/(1+SicherheitAngebot)*(1+Sicherheit) -> 0 | BB88: =AV88/(1+SicherheitAngebot)*(1+Sicherheit) -> 0 | BD88: =AZ88+BB88 -> 0
R89: =P89*(1+Gewinn)*(1+SicherheitAngebot) -> 0 | S89: =Q89*(1+MGKZ)*(1+Gewinn)*(1+SicherheitAngebot) -> 0 | U89: =I89*$I$7+J89*$J$7+K89*$K$7+L89*$L$7+M89*$M$7+N89*$N$7+O89*$O$7+R89+S89 -> 0 | AT89: =((W89+AD89)*$W$7+(X89+AE89)*$X$7+(Y89+Z89+AF89+AG89)*$Z$7+(AA89+AH89)*$AA$7+(AB89+AI89)*$AB$7)*Zuschläge_IBN -> 0 | AV89: =AK89*$AK$7+AL89*$AL$7+AM89*$AM$7+SUM(AN89:AR89)*(1+Gewinn)*(1+SicherheitAngebot)+AT89/Zuschläge_IBN+AT89 -> 0 | AX89: =U89+AV89 -> 0 | AZ89: =U89/(1+SicherheitAngebot)*(1+Sicherheit) -> 0 | BB89: =AV89/(1+SicherheitAngebot)*(1+Sicherheit) -> 0 | BD89: =AZ89+BB89 -> 0
R90: =P90*(1+Gewinn)*(1+SicherheitAngebot) -> 0 | S90: =Q90*(1+MGKZ)*(1+Gewinn)*(1+SicherheitAngebot) -> 0 | U90: =I90*$I$7+J90*$J$7+K90*$K$7+L90*$L$7+M90*$M$7+N90*$N$7+O90*$O$7+R90+S90 -> 0 | AT90: =((W90+AD90)*$W$7+(X90+AE90)*$X$7+(Y90+Z90+AF90+AG90)*$Z$7+(AA90+AH90)*$AA$7+(AB90+AI90)*$AB$7)*Zuschläge_IBN -> 0 | AV90: =AK90*$AK$7+AL90*$AL$7+AM90*$AM$7+SUM(AN90:AR90)*(1+Gewinn)*(1+SicherheitAngebot)+AT90/Zuschläge_IBN+AT90 -> 0 | AX90: =U90+AV90 -> 0 | AZ90: =U90/(1+SicherheitAngebot)*(1+Sicherheit) -> 0 | BB90: =AV90/(1+SicherheitAngebot)*(1+Sicherheit) -> 0 | BD90: =AZ90+BB90 -> 0
R91: =P91*(1+Gewinn)*(1+SicherheitAngebot) -> 0 | S91: =Q91*(1+MGKZ)*(1+Gewinn)*(1+SicherheitAngebot) -> 0 | U91: =I91*$I$7+J91*$J$7+K91*$K$7+L91*$L$7+M91*$M$7+N91*$N$7+O91*$O$7+R91+S91 -> 0 | AT91: =((W91+AD91)*$W$7+(X91+AE91)*$X$7+(Y91+Z91+AF91+AG91)*$Z$7+(AA91+AH91)*$AA$7+(AB91+AI91)*$AB$7)*Zuschläge_IBN -> 0 | AV91: =AK91*$AK$7+AL91*$AL$7+AM91*$AM$7+SUM(AN91:AR91)*(1+Gewinn)*(1+SicherheitAngebot)+AT91/Zuschläge_IBN+AT91 -> 0 | AX91: =U91+AV91 -> 0 | AZ91: =U91/(1+SicherheitAngebot)*(1+Sicherheit) -> 0 | BB91: =AV91/(1+SicherheitAngebot)*(1+Sicherheit) -> 0 | BD91: =AZ91+BB91 -> 0
R92: =P92*(1+Gewinn)*(1+SicherheitAngebot) -> 0 | S92: =Q92*(1+MGKZ)*(1+Gewinn)*(1+SicherheitAngebot) -> 0 | U92: =I92*$I$7+J92*$J$7+K92*$K$7+L92*$L$7+M92*$M$7+N92*$N$7+O92*$O$7+R92+S92 -> 0 | AT92: =((W92+AD92)*$W$7+(X92+AE92)*$X$7+(Y92+Z92+AF92+AG92)*$Z$7+(AA92+AH92)*$AA$7+(AB92+AI92)*$AB$7)*Zuschläge_IBN -> 0 | AV92: =AK92*$AK$7+AL92*$AL$7+AM92*$AM$7+SUM(AN92:AR92)*(1+Gewinn)*(1+SicherheitAngebot)+AT92/Zuschläge_IBN+AT92 -> 0 | AX92: =U92+AV92 -> 0 | AZ92: =U92/(1+SicherheitAngebot)*(1+Sicherheit) -> 0 | BB92: =AV92/(1+SicherheitAngebot)*(1+Sicherheit) -> 0 | BD92: =AZ92+BB92 -> 0
... R95: =P95*(1+Gewinn)*(1+SicherheitAngebot) -> 0 | S95: =Q95*(1+MGKZ)*(1+Gewinn)*(1+SicherheitAngebot) -> 0 | U95: =I95*$I$7+J95*$J$7+K95*$K$7+L95*$L$7+M95*$M$7+N95*$N$7+O95*$O$7+R95+S95 -> 0 | AT95: =((W95+AD95)*$W$7+(X95+AE95)*$X$7+(Y95+Z95+AF95+AG95)*$Z$7+(AA95+AH95)*$AA$7+(AB95+AI95)*$AB$7)*Zuschläge_IBN -> 0 | AV95: =AK95*$AK$7+AL95*$AL$7+AM95*$AM$7+SUM(AN95:AR95)*(1+Gewinn)*(1+SicherheitAngebot)+AT95/Zuschläge_IBN+AT95 -> 0 | AX95: =U95+AV95 -> 0 | AZ95: =U95/(1+SicherheitAngebot)*(1+Sicherheit) -> 0 | BB95: =AV95/(1+SicherheitAngebot)*(1+Sicherheit) -> 0 | BD95: =AZ95+BB95 -> 0
B97: =B80+1 -> 6 | H97: 1 | I97: =$H97*SUM(I98:I112) -> 0 | J97: =$H97*SUM(J98:J112) -> 0 | K97: =$H97*SUM(K98:K112) -> 0 | L97: =$H97*SUM(L98:L112) -> 0 | M97: =$H97*SUM(M98:M112) -> 0 | N97: =$H97*SUM(N98:N112) -> 0 | O97: =$H97*SUM(O98:O112) -> 0 | P97: =$H97*SUM(P98:P112) -> 0 | Q97: =$H97*SUM(Q98:Q112) -> 0 | R97: =P97*(1+Gewinn)*(1+SicherheitAngebot) -> 0 | S97: =Q97*(1+MGKZ)*(1+Gewinn)*(1+SicherheitAngebot) -> 0 | U97: =I97*$I$7+J97*$J$7+K97*$K$7+L97*$L$7+M97*$M$7+N97*$N$7+O97*$O$7+R97+S97 -> 0 | W97: =$H97*SUM(W98:W112) -> 0 | X97: =$H97*SUM(X98:X112) -> 0 | Y97: =$H97*SUM(Y98:Y112) -> 0 | Z97: =$H97*SUM(Z98:Z112) -> 0 | AA97: =$H97*SUM(AA98:AA112) -> 0 | AB97: =$H97*SUM(AB98:AB112) -> 0 | AD97: =$H97*SUM(AD98:AD112) -> 0 | AE97: =$H97*SUM(AE98:AE112) -> 0 | AF97: =$H97*SUM(AF98:AF112) -> 0 | AG97: =$H97*SUM(AG98:AG112) -> 0 | AH97: =$H97*SUM(AH98:AH112) -> 0 | AI97: =$H97*SUM(AI98:AI112) -> 0 | AK97: =$H97*SUM(AK98:AK112) -> 0 | AL97: =$H97*SUM(AL98:AL112) -> 0 | AM97: =$H97*SUM(AM98:AM112) -> 0 | AN97: =$H97*SUM(AN98:AN112)*(1+Gewinn)*(1+SicherheitAngebot) -> 0 | AO97: =$H97*SUM(AO98:AO112)*(1+Gewinn)*(1+SicherheitAngebot) -> 0 | AP97: =$H97*SUM(AP98:AP112)*(1+Gewinn)*(1+SicherheitAngebot) -> 0 | AQ97: =$H97*SUM(AQ98:AQ112)*(1+Gewinn)*(1+SicherheitAngebot) -> 0 | AR97: =$H97*SUM(AR98:AR112)*(1+Gewinn)*(1+SicherheitAngebot) -> 0 | AT97: =((W97+AD97)*$W$7+(X97+AE97)*$X$7+(Y97+Z97+AF97+AG97)*$Z$7+(AA97+AH97)*$AA$7+(AB97+AI97)*$AB$7)*Zuschläge_IBN -> 0 | AV97: =AK97*$AK$7+AL97*$AL$7+AM97*$AM$7+SUM(AN97:AR97)+AT97/Zuschläge_IBN+AT97 -> 0 | AX97: =U97+AV97 -> 0 | AZ97: =IF(H97>0,U97/(1+SicherheitAngebot)*(1+Sicherheit),0) -> 0 | BB97: =IF(H97>0,AV97/(1+SicherheitAngebot)*(1+Sicherheit),0) -> 0 | BD97: =AZ97+BB97 -> 0
R98: =P98*(1+Gewinn)*(1+SicherheitAngebot) -> 0 | S98: =Q98*(1+MGKZ)*(1+Gewinn)*(1+SicherheitAngebot) -> 0 | U98: =I98*$I$7+J98*$J$7+K98*$K$7+L98*$L$7+M98*$M$7+N98*$N$7+O98*$O$7+R98+S98 -> 0 | AT98: =((W98+AD98)*$W$7+(X98+AE98)*$X$7+(Y98+Z98+AF98+AG98)*$Z$7+(AA98+AH98)*$AA$7+(AB98+AI98)*$AB$7)*Zuschläge_IBN -> 0 | AV98: =AK98*$AK$7+AL98*$AL$7+AM98*$AM$7+SUM(AN98:AR98)*(1+Gewinn)*(1+SicherheitAngebot)+AT98/Zuschläge_IBN+AT98 -> 0 | AX98: =U98+AV98 -> 0 | AZ98: =U98/(1+SicherheitAngebot)*(1+Sicherheit) -> 0 | BB98: =AV98/(1+SicherheitAngebot)*(1+Sicherheit) -> 0 | BD98: =AZ98+BB98 -> 0
R99: =P99*(1+Gewinn)*(1+SicherheitAngebot) -> 0 | S99: =Q99*(1+MGKZ)*(1+Gewinn)*(1+SicherheitAngebot) -> 0 | U99: =I99*$I$7+J99*$J$7+K99*$K$7+L99*$L$7+M99*$M$7+N99*$N$7+O99*$O$7+R99+S99 -> 0 | AT99: =((W99+AD99)*$W$7+(X99+AE99)*$X$7+(Y99+Z99+AF99+AG99)*$Z$7+(AA99+AH99)*$AA$7+(AB99+AI99)*$AB$7)*Zuschläge_IBN -> 0 | AV99: =AK99*$AK$7+AL99*$AL$7+AM99*$AM$7+SUM(AN99:AR99)*(1+Gewinn)*(1+SicherheitAngebot)+AT99/Zuschläge_IBN+AT99 -> 0 | AX99: =U99+AV99 -> 0 | AZ99: =U99/(1+SicherheitAngebot)*(1+Sicherheit) -> 0 | BB99: =AV99/(1+SicherheitAngebot)*(1+Sicherheit) -> 0 | BD99: =AZ99+BB99 -> 0
R100: =P100*(1+Gewinn)*(1+SicherheitAngebot) -> 0 | S100: =Q100*(1+MGKZ)*(1+Gewinn)*(1+SicherheitAngebot) -> 0 | U100: =I100*$I$7+J100*$J$7+K100*$K$7+L100*$L$7+M100*$M$7+N100*$N$7+O100*$O$7+R100+S100 -> 0 | AT100: =((W100+AD100)*$W$7+(X100+AE100)*$X$7+(Y100+Z100+AF100+AG100)*$Z$7+(AA100+AH100)*$AA$7+(AB100+AI100)*$AB$7)*Zuschläge_IBN -> 0 | AV100: =AK100*$AK$7+AL100*$AL$7+AM100*$AM$7+SUM(AN100:AR100)*(1+Gewinn)*(1+SicherheitAngebot)+AT100/Zuschläge_IBN+AT100 -> 0 | AX100: =U100+AV100 -> 0 | AZ100: =U100/(1+SicherheitAngebot)*(1+Sicherheit) -> 0 | BB100: =AV100/(1+SicherheitAngebot)*(1+Sicherheit) -> 0 | BD100: =AZ100+BB100 -> 0
R101: =P101*(1+Gewinn)*(1+SicherheitAngebot) -> 0 | S101: =Q101*(1+MGKZ)*(1+Gewinn)*(1+SicherheitAngebot) -> 0 | U101: =I101*$I$7+J101*$J$7+K101*$K$7+L101*$L$7+M101*$M$7+N101*$N$7+O101*$O$7+R101+S101 -> 0 | AT101: =((W101+AD101)*$W$7+(X101+AE101)*$X$7+(Y101+Z101+AF101+AG101)*$Z$7+(AA101+AH101)*$AA$7+(AB101+AI101)*$AB$7)*Zuschläge_IBN -> 0 | AV101: =AK101*$AK$7+AL101*$AL$7+AM101*$AM$7+SUM(AN101:AR101)*(1+Gewinn)*(1+SicherheitAngebot)+AT101/Zuschläge_IBN+AT101 -> 0 | AX101: =U101+AV101 -> 0 | AZ101: =U101/(1+SicherheitAngebot)*(1+Sicherheit) -> 0 | BB101: =AV101/(1+SicherheitAngebot)*(1+Sicherheit) -> 0 | BD101: =AZ101+BB101 -> 0
R102: =P102*(1+Gewinn)*(1+SicherheitAngebot) -> 0 | S102: =Q102*(1+MGKZ)*(1+Gewinn)*(1+SicherheitAngebot) -> 0 | U102: =I102*$I$7+J102*$J$7+K102*$K$7+L102*$L$7+M102*$M$7+N102*$N$7+O102*$O$7+R102+S102 -> 0 | AT102: =((W102+AD102)*$W$7+(X102+AE102)*$X$7+(Y102+Z102+AF102+AG102)*$Z$7+(AA102+AH102)*$AA$7+(AB102+AI102)*$AB$7)*Zuschläge_IBN -> 0 | AV102: =AK102*$AK$7+AL102*$AL$7+AM102*$AM$7+SUM(AN102:AR102)*(1+Gewinn)*(1+SicherheitAngebot)+AT102/Zuschläge_IBN+AT102 -> 0 | AX102: =U102+AV102 -> 0 | AZ102: =U102/(1+SicherheitAngebot)*(1+Sicherheit) -> 0 | BB102: =AV102/(1+SicherheitAngebot)*(1+Sicherheit) -> 0 | BD102: =AZ102+BB102 -> 0
R103: =P103*(1+Gewinn)*(1+SicherheitAngebot) -> 0 | S103: =Q103*(1+MGKZ)*(1+Gewinn)*(1+SicherheitAngebot) -> 0 | U103: =I103*$I$7+J103*$J$7+K103*$K$7+L103*$L$7+M103*$M$7+N103*$N$7+O103*$O$7+R103+S103 -> 0 | AT103: =((W103+AD103)*$W$7+(X103+AE103)*$X$7+(Y103+Z103+AF103+AG103)*$Z$7+(AA103+AH103)*$AA$7+(AB103+AI103)*$AB$7)*Zuschläge_IBN -> 0 | AV103: =AK103*$AK$7+AL103*$AL$7+AM103*$AM$7+SUM(AN103:AR103)*(1+Gewinn)*(1+SicherheitAngebot)+AT103/Zuschläge_IBN+AT103 -> 0 | AX103: =U103+AV103 -> 0 | AZ103: =U103/(1+SicherheitAngebot)*(1+Sicherheit) -> 0 | BB103: =AV103/(1+SicherheitAngebot)*(1+Sicherheit) -> 0 | BD103: =AZ103+BB103 -> 0
R104: =P104*(1+Gewinn)*(1+SicherheitAngebot) -> 0 | S104: =Q104*(1+MGKZ)*(1+Gewinn)*(1+SicherheitAngebot) -> 0 | U104: =I104*$I$7+J104*$J$7+K104*$K$7+L104*$L$7+M104*$M$7+N104*$N$7+O104*$O$7+R104+S104 -> 0 | AT104: =((W104+AD104)*$W$7+(X104+AE104)*$X$7+(Y104+Z104+AF104+AG104)*$Z$7+(AA104+AH104)*$AA$7+(AB104+AI104)*$AB$7)*Zuschläge_IBN -> 0 | AV104: =AK104*$AK$7+AL104*$AL$7+AM104*$AM$7+SUM(AN104:AR104)*(1+Gewinn)*(1+SicherheitAngebot)+AT104/Zuschläge_IBN+AT104 -> 0 | AX104: =U104+AV104 -> 0 | AZ104: =U104/(1+SicherheitAngebot)*(1+Sicherheit) -> 0 | BB104: =AV104/(1+SicherheitAngebot)*(1+Sicherheit) -> 0 | BD104: =AZ104+BB104 -> 0
R105: =P105*(1+Gewinn)*(1+SicherheitAngebot) -> 0 | S105: =Q105*(1+MGKZ)*(1+Gewinn)*(1+SicherheitAngebot) -> 0 | U105: =I105*$I$7+J105*$J$7+K105*$K$7+L105*$L$7+M105*$M$7+N105*$N$7+O105*$O$7+R105+S105 -> 0 | AT105: =((W105+AD105)*$W$7+(X105+AE105)*$X$7+(Y105+Z105+AF105+AG105)*$Z$7+(AA105+AH105)*$AA$7+(AB105+AI105)*$AB$7)*Zuschläge_IBN -> 0 | AV105: =AK105*$AK$7+AL105*$AL$7+AM105*$AM$7+SUM(AN105:AR105)*(1+Gewinn)*(1+SicherheitAngebot)+AT105/Zuschläge_IBN+AT105 -> 0 | AX105: =U105+AV105 -> 0 | AZ105: =U105/(1+SicherheitAngebot)*(1+Sicherheit) -> 0 | BB105: =AV105/(1+SicherheitAngebot)*(1+Sicherheit) -> 0 | BD105: =AZ105+BB105 -> 0
R106: =P106*(1+Gewinn)*(1+SicherheitAngebot) -> 0 | S106: =Q106*(1+MGKZ)*(1+Gewinn)*(1+SicherheitAngebot) -> 0 | U106: =I106*$I$7+J106*$J$7+K106*$K$7+L106*$L$7+M106*$M$7+N106*$N$7+O106*$O$7+R106+S106 -> 0 | AT106: =((W106+AD106)*$W$7+(X106+AE106)*$X$7+(Y106+Z106+AF106+AG106)*$Z$7+(AA106+AH106)*$AA$7+(AB106+AI106)*$AB$7)*Zuschläge_IBN -> 0 | AV106: =AK106*$AK$7+AL106*$AL$7+AM106*$AM$7+SUM(AN106:AR106)*(1+Gewinn)*(1+SicherheitAngebot)+AT106/Zuschläge_IBN+AT106 -> 0 | AX106: =U106+AV106 -> 0 | AZ106: =U106/(1+SicherheitAngebot)*(1+Sicherheit) -> 0 | BB106: =AV106/(1+SicherheitAngebot)*(1+Sicherheit) -> 0 | BD106: =AZ106+BB106 -> 0
R107: =P107*(1+Gewinn)*(1+SicherheitAngebot) -> 0 | S107: =Q107*(1+MGKZ)*(1+Gewinn)*(1+SicherheitAngebot) -> 0 | U107: =I107*$I$7+J107*$J$7+K107*$K$7+L107*$L$7+M107*$M$7+N107*$N$7+O107*$O$7+R107+S107 -> 0 | AT107: =((W107+AD107)*$W$7+(X107+AE107)*$X$7+(Y107+Z107+AF107+AG107)*$Z$7+(AA107+AH107)*$AA$7+(AB107+AI107)*$AB$7)*Zuschläge_IBN -> 0 | AV107: =AK107*$AK$7+AL107*$AL$7+AM107*$AM$7+SUM(AN107:AR107)*(1+Gewinn)*(1+SicherheitAngebot)+AT107/Zuschläge_IBN+AT107 -> 0 | AX107: =U107+AV107 -> 0 | AZ107: =U107/(1+SicherheitAngebot)*(1+Sicherheit) -> 0 | BB107: =AV107/(1+SicherheitAngebot)*(1+Sicherheit) -> 0 | BD107: =AZ107+BB107 -> 0
R108: =P108*(1+Gewinn)*(1+SicherheitAngebot) -> 0 | S108: =Q108*(1+MGKZ)*(1+Gewinn)*(1+SicherheitAngebot) -> 0 | U108: =I108*$I$7+J108*$J$7+K108*$K$7+L108*$L$7+M108*$M$7+N108*$N$7+O108*$O$7+R108+S108 -> 0 | AT108: =((W108+AD108)*$W$7+(X108+AE108)*$X$7+(Y108+Z108+AF108+AG108)*$Z$7+(AA108+AH108)*$AA$7+(AB108+AI108)*$AB$7)*Zuschläge_IBN -> 0 | AV108: =AK108*$AK$7+AL108*$AL$7+AM108*$AM$7+SUM(AN108:AR108)*(1+Gewinn)*(1+SicherheitAngebot)+AT108/Zuschläge_IBN+AT108 -> 0 | AX108: =U108+AV108 -> 0 | AZ108: =U108/(1+SicherheitAngebot)*(1+Sicherheit) -> 0 | BB108: =AV108/(1+SicherheitAngebot)*(1+Sicherheit) -> 0 | BD108: =AZ108+BB108 -> 0
R109: =P109*(1+Gewinn)*(1+SicherheitAngebot) -> 0 | S109: =Q109*(1+MGKZ)*(1+Gewinn)*(1+SicherheitAngebot) -> 0 | U109: =I109*$I$7+J109*$J$7+K109*$K$7+L109*$L$7+M109*$M$7+N109*$N$7+O109*$O$7+R109+S109 -> 0 | AT109: =((W109+AD109)*$W$7+(X109+AE109)*$X$7+(Y109+Z109+AF109+AG109)*$Z$7+(AA109+AH109)*$AA$7+(AB109+AI109)*$AB$7)*Zuschläge_IBN -> 0 | AV109: =AK109*$AK$7+AL109*$AL$7+AM109*$AM$7+SUM(AN109:AR109)*(1+Gewinn)*(1+SicherheitAngebot)+AT109/Zuschläge_IBN+AT109 -> 0 | AX109: =U109+AV109 -> 0 | AZ109: =U109/(1+SicherheitAngebot)*(1+Sicherheit) -> 0 | BB109: =AV109/(1+SicherheitAngebot)*(1+Sicherheit) -> 0 | BD109: =AZ109+BB109 -> 0
... R112: =P112*(1+Gewinn)*(1+SicherheitAngebot) -> 0 | S112: =Q112*(1+MGKZ)*(1+Gewinn)*(1+SicherheitAngebot) -> 0 | U112: =I112*$I$7+J112*$J$7+K112*$K$7+L112*$L$7+M112*$M$7+N112*$N$7+O112*$O$7+R112+S112 -> 0 | AT112: =((W112+AD112)*$W$7+(X112+AE112)*$X$7+(Y112+Z112+AF112+AG112)*$Z$7+(AA112+AH112)*$AA$7+(AB112+AI112)*$AB$7)*Zuschläge_IBN -> 0 | AV112: =AK112*$AK$7+AL112*$AL$7+AM112*$AM$7+SUM(AN112:AR112)*(1+Gewinn)*(1+SicherheitAngebot)+AT112/Zuschläge_IBN+AT112 -> 0 | AX112: =U112+AV112 -> 0 | AZ112: =U112/(1+SicherheitAngebot)*(1+Sicherheit) -> 0 | BB112: =AV112/(1+SicherheitAngebot)*(1+Sicherheit) -> 0 | BD112: =AZ112+BB112 -> 0
B114: =B97+1 -> 7 | H114: 1 | I114: =$H114*SUM(I115:I129) -> 0 | J114: =$H114*SUM(J115:J129) -> 0 | K114: =$H114*SUM(K115:K129) -> 0 | L114: =$H114*SUM(L115:L129) -> 0 | M114: =$H114*SUM(M115:M129) -> 0 | N114: =$H114*SUM(N115:N129) -> 0 | O114: =$H114*SUM(O115:O129) -> 0 | P114: =$H114*SUM(P115:P129) -> 0 | Q114: =$H114*SUM(Q115:Q129) -> 0 | R114: =P114*(1+Gewinn)*(1+SicherheitAngebot) -> 0 | S114: =Q114*(1+MGKZ)*(1+Gewinn)*(1+SicherheitAngebot) -> 0 | U114: =I114*$I$7+J114*$J$7+K114*$K$7+L114*$L$7+M114*$M$7+N114*$N$7+O114*$O$7+R114+S114 -> 0 | W114: =$H114*SUM(W115:W129) -> 0 | X114: =$H114*SUM(X115:X129) -> 0 | Y114: =$H114*SUM(Y115:Y129) -> 0 | Z114: =$H114*SUM(Z115:Z129) -> 0 | AA114: =$H114*SUM(AA115:AA129) -> 0 | AB114: =$H114*SUM(AB115:AB129) -> 0 | AD114: =$H114*SUM(AD115:AD129) -> 0 | AE114: =$H114*SUM(AE115:AE129) -> 0 | AF114: =$H114*SUM(AF115:AF129) -> 0 | AG114: =$H114*SUM(AG115:AG129) -> 0 | AH114: =$H114*SUM(AH115:AH129) -> 0 | AI114: =$H114*SUM(AI115:AI129) -> 0 | AK114: =$H114*SUM(AK115:AK129) -> 0 | AL114: =$H114*SUM(AL115:AL129) -> 0 | AM114: =$H114*SUM(AM115:AM129) -> 0 | AN114: =$H114*SUM(AN115:AN129)*(1+Gewinn)*(1+SicherheitAngebot) -> 0 | AO114: =$H114*SUM(AO115:AO129)*(1+Gewinn)*(1+SicherheitAngebot) -> 0 | AP114: =$H114*SUM(AP115:AP129)*(1+Gewinn)*(1+SicherheitAngebot) -> 0 | AQ114: =$H114*SUM(AQ115:AQ129)*(1+Gewinn)*(1+SicherheitAngebot) -> 0 | AR114: =$H114*SUM(AR115:AR129)*(1+Gewinn)*(1+SicherheitAngebot) -> 0 | AT114: =((W114+AD114)*$W$7+(X114+AE114)*$X$7+(Y114+Z114+AF114+AG114)*$Z$7+(AA114+AH114)*$AA$7+(AB114+AI114)*$AB$7)*Zuschläge_IBN -> 0 | AV114: =AK114*$AK$7+AL114*$AL$7+AM114*$AM$7+SUM(AN114:AR114)+AT114/Zuschläge_IBN+AT114 -> 0 | AX114: =U114+AV114 -> 0 | AZ114: =IF(H114>0,U114/(1+SicherheitAngebot)*(1+Sicherheit),0) -> 0 | BB114: =IF(H114>0,AV114/(1+SicherheitAngebot)*(1+Sicherheit),0) -> 0 | BD114: =AZ114+BB114 -> 0
R115: =P115*(1+Gewinn)*(1+SicherheitAngebot) -> 0 | S115: =Q115*(1+MGKZ)*(1+Gewinn)*(1+SicherheitAngebot) -> 0 | U115: =I115*$I$7+J115*$J$7+K115*$K$7+L115*$L$7+M115*$M$7+N115*$N$7+O115*$O$7+R115+S115 -> 0 | AT115: =((W115+AD115)*$W$7+(X115+AE115)*$X$7+(Y115+Z115+AF115+AG115)*$Z$7+(AA115+AH115)*$AA$7+(AB115+AI115)*$AB$7)*Zuschläge_IBN -> 0 | AV115: =AK115*$AK$7+AL115*$AL$7+AM115*$AM$7+SUM(AN115:AR115)*(1+Gewinn)*(1+SicherheitAngebot)+AT115/Zuschläge_IBN+AT115 -> 0 | AX115: =U115+AV115 -> 0 | AZ115: =U115/(1+SicherheitAngebot)*(1+Sicherheit) -> 0 | BB115: =AV115/(1+SicherheitAngebot)*(1+Sicherheit) -> 0 | BD115: =AZ115+BB115 -> 0
R116: =P116*(1+Gewinn)*(1+SicherheitAngebot) -> 0 | S116: =Q116*(1+MGKZ)*(1+Gewinn)*(1+SicherheitAngebot) -> 0 | U116: =I116*$I$7+J116*$J$7+K116*$K$7+L116*$L$7+M116*$M$7+N116*$N$7+O116*$O$7+R116+S116 -> 0 | AT116: =((W116+AD116)*$W$7+(X116+AE116)*$X$7+(Y116+Z116+AF116+AG116)*$Z$7+(AA116+AH116)*$AA$7+(AB116+AI116)*$AB$7)*Zuschläge_IBN -> 0 | AV116: =AK116*$AK$7+AL116*$AL$7+AM116*$AM$7+SUM(AN116:AR116)*(1+Gewinn)*(1+SicherheitAngebot)+AT116/Zuschläge_IBN+AT116 -> 0 | AX116: =U116+AV116 -> 0 | AZ116: =U116/(1+SicherheitAngebot)*(1+Sicherheit) -> 0 | BB116: =AV116/(1+SicherheitAngebot)*(1+Sicherheit) -> 0 | BD116: =AZ116+BB116 -> 0
R117: =P117*(1+Gewinn)*(1+SicherheitAngebot) -> 0 | S117: =Q117*(1+MGKZ)*(1+Gewinn)*(1+SicherheitAngebot) -> 0 | U117: =I117*$I$7+J117*$J$7+K117*$K$7+L117*$L$7+M117*$M$7+N117*$N$7+O117*$O$7+R117+S117 -> 0 | AT117: =((W117+AD117)*$W$7+(X117+AE117)*$X$7+(Y117+Z117+AF117+AG117)*$Z$7+(AA117+AH117)*$AA$7+(AB117+AI117)*$AB$7)*Zuschläge_IBN -> 0 | AV117: =AK117*$AK$7+AL117*$AL$7+AM117*$AM$7+SUM(AN117:AR117)*(1+Gewinn)*(1+SicherheitAngebot)+AT117/Zuschläge_IBN+AT117 -> 0 | AX117: =U117+AV117 -> 0 | AZ117: =U117/(1+SicherheitAngebot)*(1+Sicherheit) -> 0 | BB117: =AV117/(1+SicherheitAngebot)*(1+Sicherheit) -> 0 | BD117: =AZ117+BB117 -> 0
R118: =P118*(1+Gewinn)*(1+SicherheitAngebot) -> 0 | S118: =Q118*(1+MGKZ)*(1+Gewinn)*(1+SicherheitAngebot) -> 0 | U118: =I118*$I$7+J118*$J$7+K118*$K$7+L118*$L$7+M118*$M$7+N118*$N$7+O118*$O$7+R118+S118 -> 0 | AT118: =((W118+AD118)*$W$7+(X118+AE118)*$X$7+(Y118+Z118+AF118+AG118)*$Z$7+(AA118+AH118)*$AA$7+(AB118+AI118)*$AB$7)*Zuschläge_IBN -> 0 | AV118: =AK118*$AK$7+AL118*$AL$7+AM118*$AM$7+SUM(AN118:AR118)*(1+Gewinn)*(1+SicherheitAngebot)+AT118/Zuschläge_IBN+AT118 -> 0 | AX118: =U118+AV118 -> 0 | AZ118: =U118/(1+SicherheitAngebot)*(1+Sicherheit) -> 0 | BB118: =AV118/(1+SicherheitAngebot)*(1+Sicherheit) -> 0 | BD118: =AZ118+BB118 -> 0
R119: =P119*(1+Gewinn)*(1+SicherheitAngebot) -> 0 | S119: =Q119*(1+MGKZ)*(1+Gewinn)*(1+SicherheitAngebot) -> 0 | U119: =I119*$I$7+J119*$J$7+K119*$K$7+L119*$L$7+M119*$M$7+N119*$N$7+O119*$O$7+R119+S119 -> 0 | AT119: =((W119+AD119)*$W$7+(X119+AE119)*$X$7+(Y119+Z119+AF119+AG119)*$Z$7+(AA119+AH119)*$AA$7+(AB119+AI119)*$AB$7)*Zuschläge_IBN -> 0 | AV119: =AK119*$AK$7+AL119*$AL$7+AM119*$AM$7+SUM(AN119:AR119)*(1+Gewinn)*(1+SicherheitAngebot)+AT119/Zuschläge_IBN+AT119 -> 0 | AX119: =U119+AV119 -> 0 | AZ119: =U119/(1+SicherheitAngebot)*(1+Sicherheit) -> 0 | BB119: =AV119/(1+SicherheitAngebot)*(1+Sicherheit) -> 0 | BD119: =AZ119+BB119 -> 0
R120: =P120*(1+Gewinn)*(1+SicherheitAngebot) -> 0 | S120: =Q120*(1+MGKZ)*(1+Gewinn)*(1+SicherheitAngebot) -> 0 | U120: =I120*$I$7+J120*$J$7+K120*$K$7+L120*$L$7+M120*$M$7+N120*$N$7+O120*$O$7+R120+S120 -> 0 | AT120: =((W120+AD120)*$W$7+(X120+AE120)*$X$7+(Y120+Z120+AF120+AG120)*$Z$7+(AA120+AH120)*$AA$7+(AB120+AI120)*$AB$7)*Zuschläge_IBN -> 0 | AV120: =AK120*$AK$7+AL120*$AL$7+AM120*$AM$7+SUM(AN120:AR120)*(1+Gewinn)*(1+SicherheitAngebot)+AT120/Zuschläge_IBN+AT120 -> 0 | AX120: =U120+AV120 -> 0 | AZ120: =U120/(1+SicherheitAngebot)*(1+Sicherheit) -> 0 | BB120: =AV120/(1+SicherheitAngebot)*(1+Sicherheit) -> 0 | BD120: =AZ120+BB120 -> 0
R121: =P121*(1+Gewinn)*(1+SicherheitAngebot) -> 0 | S121: =Q121*(1+MGKZ)*(1+Gewinn)*(1+SicherheitAngebot) -> 0 | U121: =I121*$I$7+J121*$J$7+K121*$K$7+L121*$L$7+M121*$M$7+N121*$N$7+O121*$O$7+R121+S121 -> 0 | AT121: =((W121+AD121)*$W$7+(X121+AE121)*$X$7+(Y121+Z121+AF121+AG121)*$Z$7+(AA121+AH121)*$AA$7+(AB121+AI121)*$AB$7)*Zuschläge_IBN -> 0 | AV121: =AK121*$AK$7+AL121*$AL$7+AM121*$AM$7+SUM(AN121:AR121)*(1+Gewinn)*(1+SicherheitAngebot)+AT121/Zuschläge_IBN+AT121 -> 0 | AX121: =U121+AV121 -> 0 | AZ121: =U121/(1+SicherheitAngebot)*(1+Sicherheit) -> 0 | BB121: =AV121/(1+SicherheitAngebot)*(1+Sicherheit) -> 0 | BD121: =AZ121+BB121 -> 0
...

Sheet 3
B2: M03 | C2: =Übersicht!C14 -> 0 | G2: Modulkalkulation | H2: =Übersicht!F14 -> 1 | U2: =U8*$H2 -> 0 | V2: + | AV2: =AV8*$H2 -> 0 | AW2: = | AX2: =AX8*$H2 -> 0 | AZ2: =AZ8*$H2 -> 0 | BA2: + | BB2: =BB8*$H2 -> 0 | BC2: = | BD2: =BD8*$H2 -> 0
B3: =Kunde -> Dräxlmeier Satu Mare | E3: =Übersicht!E3 -> Hr. Eglseder | G3: =Revision -> MS-F_Rev.:8 / 06.03.25 / S. Schnurrenberger | AZ3: Projektnachlass:
B4: =Anlage -> Automatic Production Line for Wire Processing | AZ4: =Projektnachlass -> 0.11114475
B5: =Angebotsnummer -> A07616000A | D5: =Datum -> 45825 | E5: =Bearbeiter -> Schötz/Radlbeck | I5: Arbeitszeiten im Haus | W5: Arbeitszeiten vor Ort | AD5: Reisezeiten | AK5: Auslösen, Hotel, Anfahrt, Flüge...
